frame,timestamp_s
0,0.024041
1,0.056426
2,0.088347
3,0.124714
4,0.156054
5,0.188136
6,0.224326
7,0.256364
8,0.288333
9,0.324371
10,0.356357
11,0.388135
12,0.424203
13,0.456218
14,0.488074
15,0.52459
16,0.556362
17,0.592375
18,0.624092
19,0.656076
20,0.69223
21,0.724392
22,0.756329
23,0.792376
24,0.824639
25,0.856344
26,0.892191
27,0.924112
28,0.956524
29,0.992077
30,1.024083
31,1.060216
32,1.092054
33,1.124092
34,1.160237
35,1.192434
36,1.224269
37,1.26031
38,1.292349
39,1.324303
40,1.360408
41,1.392085
42,1.424125
43,1.46029
44,1.492293
45,1.528084
46,1.560136
47,1.59211
48,1.628243
49,1.660399
50,1.692297
51,1.728157
52,1.760262
53,1.792106
54,1.828341
55,1.860251
56,1.892331
57,1.928275
58,1.960094
59,1.992759
60,2.0281
61,2.060061
62,2.096347
63,2.128726
64,2.160061
65,2.19626
66,2.22809
67,2.260652
68,2.296065
69,2.328653
70,2.360455
71,2.396289
72,2.42806
73,2.460342
74,2.49613
75,2.528092
76,2.564391
77,2.596098
78,2.628559
79,2.664164
80,2.696576
81,2.728195
82,2.764415
83,2.796118
84,2.828112
85,2.864096
86,2.896318
87,2.928065
88,2.964169
89,2.996459
90,3.028151
91,3.064201
92,3.096596
93,3.132073
94,3.164195
95,3.196549
96,3.232077
97,3.264396
98,3.296221
99,3.332225
100,3.364259
101,3.396062
102,3.432165
103,3.464304
104,3.496407
105,3.532283
106,3.564099
107,3.600351
108,3.632355
109,3.664319
110,3.700255
111,3.732352
112,3.76411
113,3.800767
114,3.832091
115,3.864074
116,3.900129
117,3.932241
118,3.964302
119,4.000091
120,4.032251
121,4.068116
122,4.100886
123,4.13239
124,4.16854
125,4.200067
126,4.232261
127,4.268323
128,4.300331
129,4.332981
130,4.368456
131,4.400263
132,4.432148
133,4.468089
134,4.500321
135,4.53235
136,4.568466
137,4.600152
138,4.636376
139,4.668076
140,4.700706
141,4.736424
142,4.768241
143,4.800362
144,4.836374
145,4.86807
146,4.900296
147,4.936164
148,4.968079
149,5.000371
150,5.036573
151,5.068247
152,5.104502
153,5.13655
154,5.16809
155,5.204559
156,5.236118
157,5.268071
158,5.304367
159,5.33655
160,5.368177
161,5.404437
162,5.436321
163,5.468221
164,5.504623
165,5.536134
166,5.572087
167,5.604586
168,5.636499
169,5.672248
170,5.704228
171,5.736312
172,5.772202
173,5.804089
174,5.836566
175,5.872086
176,5.90411
177,5.936542
178,5.972148
179,6.004901
180,6.036101
181,6.07238
182,6.104551
183,6.140087
184,6.172153
185,6.204154
186,6.240456
187,6.272271
188,6.304096
189,6.340357
190,6.372281
191,6.404342
192,6.440532
193,6.47209
194,6.504352
195,6.540087
196,6.572893
197,6.608599
198,6.640097
199,6.672583
200,6.708085
201,6.740602
202,6.772119
203,6.808263
204,6.840584
205,6.872101
206,6.908711
207,6.940265
208,6.972298
209,7.008408
210,7.040739
211,7.076363
212,7.108168
213,7.140197
214,7.176608
215,7.20869
216,7.240149
217,7.276083
218,7.308182
219,7.341072
220,7.376206
221,7.408505
222,7.440268
223,7.476263
224,7.508351
225,7.540363
226,7.576415
227,7.608091
228,7.644617
229,7.676153
230,7.708458
231,7.744487
232,7.776247
233,7.808542
234,7.844356
235,7.876253
236,7.908358
237,7.944285
238,7.9763
239,8.008093
240,8.044106
241,8.076463
242,8.112201
243,8.144315
244,8.176136
245,8.212176
246,8.244208
247,8.276413
248,8.31216
249,8.344191
250,8.376182
251,8.412728
252,8.444265
253,8.476332
254,8.512365
255,8.544167
256,8.580243
257,8.612111
258,8.644429
259,8.680487
260,8.712355
261,8.744166
262,8.7801
263,8.812309
264,8.844089
265,8.880374
266,8.912495
267,8.944838
268,8.980334
269,9.012386
270,9.044879
271,9.080101
272,9.112158
273,9.148396
274,9.180434
275,9.212462
276,9.2481
277,9.280595
278,9.312096
279,9.348223
280,9.380404
281,9.412264
282,9.448196
283,9.480153
284,9.512474
285,9.54839
286,9.58031
287,9.616397
288,9.648283
289,9.680608
290,9.716681
291,9.748116
292,9.780211
293,9.816175
294,9.848718
295,9.8801
296,9.916356
297,9.948158
298,9.980444
