frame,timestamp_s,right_x,left_x,valid
0,0.0,0.47126337980496896,0.5302528632744704,1
1,0.037,0.4708817206521398,0.5281165051514741,1
2,0.073,0.47335751179840985,0.5377968270829458,1
3,0.11,0.48228102709389997,0.5356642336197303,1
4,0.146,0.48605496716363067,0.5341543091465546,1
5,0.183,0.48680688419493245,0.534491999784773,1
6,0.219,0.4873175364645015,0.5344983067800614,1
7,0.256,0.4878795148940728,0.5345771463196985,1
8,0.292,0.48813007191301844,0.5345588627498761,1
9,0.329,0.48813582286482465,0.5345805707348009,1
10,0.366,0.4881907050559193,0.5345092767350266,1
11,0.402,0.4882291530398716,0.5345138144822449,1
12,0.439,0.4881803727090063,0.5344996432046186,1
13,0.475,0.4881346168968067,0.534499939737976,1
14,0.512,0.4881015774645092,0.5345113034457606,1
15,0.548,0.4880544032423385,0.5344933631252736,1
16,0.585,0.488039955521119,0.5344948891303732,1
17,0.622,0.4879766228387314,0.5346075041083248,1
18,0.658,0.4881287664210856,0.5347277273563474,1
19,0.695,0.4884255314668278,0.5355366796763955,1
20,0.731,0.4883553363164729,0.535690566219813,1
21,0.768,0.48892031322062185,0.5359784699102182,1
22,0.804,0.4895197883765909,0.5358883049026684,1
23,0.841,0.4903146546008322,0.5362021027062334,1
24,0.878,0.49027086950411936,0.5363575982091037,1
25,0.914,0.4900223089225964,0.536596670577398,1
26,0.951,0.48961983551066335,0.5367487058292559,1
27,0.987,0.4894490973739243,0.5368317394158502,1
28,1.024,0.4892042983264634,0.5369042510789501,1
29,1.06,0.48856984910661133,0.5368179538975928,1
30,1.097,0.4881389988705218,0.5368897986056697,1
31,1.133,0.4871726057303231,0.5368728754252218,1
32,1.17,0.48635463550439767,0.5368436971703914,1
33,1.207,0.48594026530402795,0.5368919637088256,1
34,1.243,0.48574191983711096,0.5369838241386296,1
35,1.28,0.4852484093408047,0.5374923983605808,1
36,1.316,0.48506386504422755,0.5380284620827396,1
37,1.353,0.48482552740705726,0.5384834200804038,1
38,1.389,0.4846281678759821,0.5386415906316557,1
39,1.426,0.4844838055790749,0.5392148436048593,1
40,1.462,0.4843670462232559,0.53947313320689,1
41,1.499,0.4844258688803814,0.5401965219054903,1
42,1.536,0.48445307106600505,0.5406881379688678,1
43,1.572,0.4841698376846378,0.5402536921828688,1
44,1.609,0.4840414289440687,0.539956947267762,1
45,1.645,0.4833086693658232,0.5399395659301949,1
46,1.682,0.4826158245251362,0.5399353181699376,1
47,1.718,0.4825309857484114,0.5400759037541352,1
48,1.755,0.482267758774732,0.5400398396593233,1
49,1.792,0.48226501382389403,0.5399259400667819,1
50,1.828,0.4821238497713196,0.5397735066413538,1
51,1.865,0.48028276866901687,0.5396891290945806,1
52,1.901,0.47959308992702154,0.539806024964285,1
53,1.938,0.47893892837136176,0.5398474932213283,1
54,1.974,0.4772927791649483,0.5387576561440677,1
55,2.011,0.4765184778830815,0.5386167383072927,1
56,2.048,0.4519440185004247,0.4851972869468048,1
57,2.084,0.44320635582141726,0.4777750221164958,1
58,2.121,0.38574511090051966,0.415514200641706,1
59,2.157,0.38406941180789744,0.41074539200790555,1
60,2.194,0.3682393185787636,0.4077506072579276,1
61,2.23,0.36275111548579586,0.40929991895982215,1
62,2.267,0.3604400588903156,0.4083268515229678,1
63,2.303,0.3595388933035619,0.4085349944930542,1
64,2.34,0.3550018072703508,0.4073691930176134,1
65,2.377,0.3524149774383422,0.4056617283576153,1
66,2.413,0.353663768125362,0.4064224226929469,1
67,2.45,0.35270376389528657,0.40656542927818345,1
68,2.486,0.3532631853901,0.40654106817450125,1
69,2.523,0.35347068258455144,0.4060551750077025,1
70,2.559,0.3539871797361341,0.4059348073450019,1
71,2.596,0.35508569647129884,0.40465936262431884,1
72,2.632,0.3576690267066474,0.404566090708589,1
73,2.669,0.3593898371455862,0.40446106502086393,1
74,2.706,0.36043553301960923,0.40470418344571996,1
75,2.742,0.3605105875185503,0.4046722519659798,1
76,2.779,0.3608580430533703,0.40446698655817337,1
77,2.815,0.36088551082520415,0.40441328911208174,1
78,2.852,0.3598936324719397,0.404473424412744,1
79,2.888,0.36000096132574677,0.40416401814808955,1
80,2.925,0.35900560613584037,0.40396542246198053,1
81,2.962,0.35876177096478734,0.40375203500358847,1
82,2.998,0.3575212601666197,0.40242902711239664,1
83,3.035,0.35688571790005763,0.40098867105482605,1
84,3.071,0.3561910159294089,0.39964118555272155,1
85,3.108,0.3557740268386086,0.3998485340065003,1
86,3.144,0.3552107907098895,0.3997419239699539,1
87,3.181,0.3550289944478119,0.39974491009392105,1
88,3.218,0.3555579589521185,0.4000232736277536,1
89,3.254,0.35609115533067875,0.40083056565842967,1
90,3.291,0.3563546520164978,0.40212714386498033,1
91,3.327,0.35642823616046204,0.4030359421273103,1
92,3.364,0.3565388383244564,0.4037300873250262,1
93,3.4,0.35680155647771195,0.4035473002145258,1
94,3.437,0.35695131924272366,0.4035184669411015,1
95,3.473,0.35700431811011785,0.40327014205059114,1
96,3.51,0.3570111517749051,0.40262528722313107,1
97,3.547,0.3569855059831957,0.40193519921003207,1
98,3.583,0.35661520467769886,0.4016142783094478,1
99,3.62,0.35611084265465187,0.40107993807866055,1
100,3.656,0.3552909102101269,0.40086534538157326,1
101,3.693,0.35513097784656417,0.40057389869335297,1
102,3.729,0.3549705777111936,0.4002676745548971,1
103,3.766,0.3547954498974925,0.40001543666037814,1
104,3.802,0.35449774985952975,0.3997858945271244,1
105,3.839,0.35441316860741146,0.3994338831166779,1
106,3.876,0.3538329846006739,0.3987868826179793,1
107,3.912,0.35359715082793536,0.3985585857492716,1
108,3.949,0.3520144504101128,0.39638314141027164,1
109,3.985,0.3514442054300255,0.3963462938241883,1
110,4.022,0.3494233245990207,0.3919213981885566,1
111,4.058,0.345338582896463,0.3906294479080905,1
112,4.095,0.3449657950652097,0.3890544424807291,1
113,4.132,0.3442822031079438,0.38848207660552897,1
114,4.168,0.34819246248257785,0.3927609522371898,1
115,4.205,0.3490130523621028,0.39615073379455973,1
116,4.241,0.3495803660637032,0.39861828113422665,1
117,4.278,0.34992017572653744,0.40009868205234034,1
118,4.314,0.3499758037138724,0.4009995825473959,1
119,4.351,0.3509224535748809,0.40200047678701434,1
120,4.388,0.3509537707458317,0.40259306773935827,1
121,4.424,0.3510917742513717,0.4034075228622984,1
122,4.461,0.35159716448631334,0.40345359841247824,1
123,4.497,0.35192167024755344,0.4035946996498098,1
124,4.534,0.352892699677043,0.403750424915017,1
125,4.57,0.3537126115841936,0.40392225700009277,1
126,4.607,0.3543359172429094,0.40407780935039367,1
127,4.643,0.35480229694165905,0.4042101163936087,1
128,4.68,0.3553273235753512,0.4042682540987455,1
129,4.717,0.35580165169958067,0.40446958614281525,1
130,4.753,0.36321043725446284,0.4207980233917965,1
131,4.79,0.3681528690446537,0.4262400211492928,1
132,4.826,0.43831532953774244,0.5045543351918003,1
133,4.863,0.46654949625284514,0.5208322654932018,1
134,4.899,0.4909215542178144,0.5483816123035088,1
135,4.936,0.4937811696478462,0.556627497450251,1
136,4.972,0.49782179467801607,0.5605092995017307,1
137,5.009,0.5001220264531375,0.560733377911719,1
138,5.046,0.49918415267649857,0.5522649439768724,1
139,5.082,0.4977171367874005,0.5531769917612971,1
140,5.119,0.4951203178807635,0.5539466382564492,1
141,5.155,0.49513627480482286,0.5537771827598162,1
142,5.192,0.4968763689565019,0.5551034536045236,1
143,5.228,0.4977703905219781,0.5543261397328346,1
144,5.265,0.5021511425344058,0.5543981454208806,1
145,5.302,0.5050175434611498,0.5549744969892063,1
146,5.338,0.5035268220523567,0.5558260187906119,1
147,5.375,0.5031937169471385,0.5556640479237911,1
148,5.411,0.5050104225595227,0.556279343482787,1
149,5.448,0.506931301228691,0.5554829626654025,1
150,5.484,0.5021397973134125,0.5538188037480682,1
151,5.521,0.5010634469553085,0.5529624167313112,1
152,5.558,0.5026493100189856,0.5534216245927757,1
153,5.594,0.5056366895796645,0.5548695592288105,1
154,5.631,0.5042000147759077,0.5517661488788009,1
155,5.667,0.5046660238303272,0.5510726757612807,1
156,5.704,0.5029849633185026,0.5496747508807129,1
157,5.74,0.5072526946849139,0.5518123332714981,1
158,5.777,0.5033992671092532,0.5443244492410035,1
159,5.813,0.5022962808670792,0.5416663391488906,1
160,5.85,0.5018420670421628,0.5409778132656295,1
161,5.887,0.5014207167858293,0.5405480532799866,1
162,5.923,0.49973911755373557,0.5398147298086332,1
163,5.96,0.49879339480006196,0.5393134813587188,1
164,5.996,0.4976966235947293,0.5380679626693943,1
165,6.033,0.4969496325098809,0.5371221389452954,1
166,6.069,0.49641173178794523,0.5377299870399599,1
167,6.106,0.4959620468494655,0.5381376317707087,1
168,6.142,0.49799639115792227,0.5439008129136953,1
169,6.179,0.4983371244713935,0.5468436348399713,1
170,6.216,0.49821170505077406,0.5466868244754238,1
171,6.252,0.49903048666215244,0.548031044471358,1
172,6.289,0.49897783824053227,0.5487717632758923,1
173,6.325,0.49938226671721736,0.5494070862116187,1
174,6.362,0.4991699627698216,0.5497558783460837,1
175,6.398,0.4991792072972332,0.5499996837697528,1
176,6.435,0.49957717725810324,0.5504888014202067,1
177,6.472,0.500005231376648,0.5511540258603878,1
178,6.508,0.5002440350719655,0.551121184159627,1
179,6.545,0.5001102660184419,0.5505527713804745,1
180,6.581,0.4996950707239544,0.5500164269089414,1
181,6.618,0.49903033872127955,0.5494955936405688,1
182,6.654,0.4983192384073283,0.5490596478608498,1
183,6.691,0.49730929965510057,0.5484070875299857,1
184,6.728,0.4969821175749807,0.5481290411297384,1
185,6.764,0.49675590126183633,0.5478969406473275,1
186,6.801,0.49640299500019675,0.5477491493144531,1
187,6.837,0.5082424700897524,0.5724315931152824,1
188,6.874,0.5140822357964828,0.5829832016104423,1
189,6.91,0.5795968375139219,0.6587479658971119,1
190,6.947,0.6013157168671664,0.6794035261369583,1
191,6.983,0.6416092888175986,0.7265459117563455,1
192,7.02,0.6522637008904275,0.7362441315025273,1
193,7.057,0.6575774864315296,0.737921552448499,1
194,7.093,0.6589588203494937,0.7389318110888129,1
195,7.13,0.6626438826409226,0.73719333273647,1
196,7.166,0.6647848511673754,0.7388298747109235,1
197,7.203,0.6893067440117749,0.745245137918162,1
198,7.239,0.6966386517215806,0.747926755106458,1
199,7.276,0.6990128739885458,0.7525945547692298,1
200,7.312,0.698113137502213,0.7523171232245253,1
201,7.349,0.7002249592936062,0.7534223835702202,1
202,7.386,0.6991321842484844,0.7527333421193007,1
203,7.422,0.6979027921498899,0.7517618563288022,1
204,7.459,0.6970081366583423,0.7510856870825381,1
205,7.495,0.6958776839520632,0.7507442788709736,1
206,7.532,0.6946584710403451,0.7499896268966867,1
207,7.568,0.693447571402505,0.7498658841514393,1
208,7.605,0.6927911612104352,0.7499396526635205,1
209,7.642,0.6931022503805144,0.7503769494101669,1
210,7.678,0.6927830156851034,0.7500938076491397,1
211,7.715,0.6926443993427341,0.7497775415236752,1
212,7.751,0.6925620950635981,0.7497182803637502,1
213,7.788,0.6925049612964688,0.7498049337915844,1
214,7.824,0.692438845588642,0.749680593022069,1
215,7.861,0.6922413386200715,0.7489490978298577,1
216,7.898,0.6918502384478128,0.7480201989668707,1
217,7.934,0.6900244794704853,0.7472464008978276,1
218,7.971,0.6887158906258911,0.7466138890253445,1
219,8.007,0.6872648827711824,0.7457511302383403,1
220,8.044,0.6857295399203827,0.7445761559952678,1
221,8.08,0.6837742860725953,0.7433186246068205,1
222,8.117,0.682243667766725,0.7423358703088373,1
223,8.153,0.681252905049518,0.7426917056457774,1
224,8.19,0.6805428948723664,0.7433841814004869,1
225,8.227,0.68022587168827,0.7443657231743349,1
226,8.263,0.680131103815221,0.7449260624382902,1
227,8.3,0.6802886766740307,0.7449754211763139,1
228,8.336,0.6799242920687891,0.744896131497512,1
229,8.373,0.6792606768127812,0.7447600668854986,1
230,8.409,0.6785517146051607,0.7446738956032107,1
231,8.446,0.6791922902456898,0.7451386528198336,1
232,8.482,0.6796629781445667,0.7463401109238267,1
233,8.519,0.679835319105771,0.7469861324041103,1
234,8.556,0.6800427265430284,0.7475223270557272,1
235,8.592,0.6798550399537522,0.747599099479976,1
236,8.629,0.6796369697847333,0.7475764490693819,1
237,8.665,0.679643224947562,0.7480264244127823,1
238,8.702,0.6790311621145837,0.7479802933904115,1
239,8.738,0.6787013865225184,0.748037251698678,1
240,8.775,0.6783751189396946,0.7478482943793301,1
241,8.812,0.6778233036927811,0.7478836441471938,1
242,8.848,0.6771713495039933,0.7480819259703738,1
243,8.885,0.6766116714545977,0.7482582359321777,1
244,8.921,0.6760949852211685,0.7483207832655207,1
245,8.958,0.6756939762793753,0.7483184425117867,1
246,8.994,0.6732382611362329,0.7466540718910659,1
247,9.031,0.6713052701089498,0.7458538104939237,1
248,9.068,0.5923483185730221,0.669015125909119,1
249,9.104,0.5728177616909924,0.6532030780810021,1
250,9.141,0.5165224668794415,0.5711141999548168,1
251,9.177,0.49846101101709234,0.5531991419269028,1
252,9.214,0.4918349973671061,0.54675827524859,1
253,9.25,0.4897437904230853,0.5461335816768746,1
254,9.287,0.4882932020418249,0.5410651969248321,1
255,9.323,0.4889865557705261,0.5404114000270757,1
256,9.36,0.48721356720152187,0.5406729430665544,1
257,9.397,0.48826521999746475,0.5411281489641544,1
258,9.433,0.48788851087574175,0.5368300710548933,1
259,9.47,0.4898831527280494,0.5376178146819673,1
260,9.506,0.48537539489810777,0.5321999384391718,1
261,9.543,0.48462620884275387,0.5324742255195153,1
262,9.579,0.4839253923385118,0.5326272224530956,1
263,9.616,0.4838951459667423,0.5336148464546927,1
264,9.652,0.4830770486091079,0.5337624030649751,1
265,9.689,0.48359320169088493,0.5350217830303461,1
266,9.726,0.48563383579776537,0.5365607613402903,1
267,9.762,0.48690969332019296,0.5374744488801694,1
268,9.799,0.49022978523807503,0.537601667607015,1
269,9.835,0.4927176732310715,0.536807526228876,1
270,9.872,0.4875217940033241,0.532785927326417,1
271,9.908,0.4853206154382603,0.5291432867406495,1
272,9.945,0.4823509915892872,0.5283823693409229,1
273,9.982,0.48155499143533426,0.5281581671996598,1
274,10.018,0.4811086709642084,0.5280449184518095,1
275,10.055,0.4805199529099628,0.5280874358355585,1
276,10.091,0.47310961234458093,0.5245187404943429,1
277,10.128,0.47009054316368243,0.5235864973284533,1
278,10.164,0.469195333560842,0.5232622666184167,1
279,10.201,0.46857994577284223,0.5227930630167351,1
280,10.238,0.46775388694145287,0.5227559169237255,1
281,10.274,0.4667600842459232,0.522724275697763,1
282,10.311,0.4663455468922994,0.522807861140188,1
283,10.347,0.46633240145720667,0.5228824830727955,1
284,10.384,0.4663459453302379,0.5229312610701122,1
285,10.42,0.4663982319564206,0.5229118267689329,1
286,10.457,0.46634397380620235,0.5233138327582467,1
287,10.493,0.46642931180580155,0.5234504879978469,1
288,10.53,0.4659758792000286,0.523566874788988,1
289,10.567,0.4655467966801296,0.5236468277636583,1
290,10.603,0.46503966396337393,0.5237329237872463,1
291,10.64,0.4648695186140572,0.5239005732072952,1
292,10.676,0.4639754828457686,0.522567195886265,1
293,10.713,0.4639023180266945,0.5218785232737956,1
294,10.749,0.4638508880266345,0.5211365110838158,1
295,10.786,0.46387598497410726,0.5209066791650775,1
296,10.822,0.4645670524053404,0.5223364932163311,1
297,10.859,0.46578857969160836,0.5238894466518833,1
298,10.896,0.4657282096405801,0.5274171450838615,1
299,10.932,0.46808933568093575,0.5292111931131048,1
300,10.969,0.470262825418366,0.5306593963937892,1
301,11.005,0.47213854170024,0.5318419903071768,1
302,11.042,0.4736930916860409,0.5333928608855286,1
303,11.078,0.47482772737775875,0.5344785146050534,1
304,11.115,0.47619547633516596,0.5363219480040783,1
305,11.152,0.4774406098957174,0.5379070390372706,1
306,11.188,0.4781296828966271,0.5390169112003517,1
307,11.225,0.47861516786840813,0.5397763745668587,1
308,11.261,0.4791853978540222,0.540715165543195,1
309,11.298,0.47983625183965356,0.5415341379699945,1
310,11.334,0.4802375668386853,0.541851911227321,1
311,11.371,0.4801037775844573,0.5421239183445332,1
312,11.408,0.48031673921979723,0.5426218060577943,1
313,11.444,0.4802398204134459,0.5424984125843613,1
314,11.481,0.48044713611703066,0.5427724923483803,1
315,11.517,0.4804533886274244,0.5428622851217243,1
316,11.554,0.48048383166468694,0.5428456444953081,1
317,11.59,0.4817626766588669,0.5421443265326584,1
318,11.627,0.48278855423397665,0.5415684237768805,1
319,11.663,0.48864668088165664,0.5382285678774298,1
