metric,mean,std,min,max,range,cv_percent
baseline_right,0.4588239065018415,0.0054306927439400085,0.4517944751321155,0.4639960548109084,0.012201579678792873,1.1836115483486063
baseline_left,0.5730566425192218,0.004573657565537671,0.5675458189702673,0.5782159932330032,0.010670174262735865,0.7981161417885944
left_delta_right_eye,0.057209493091389174,0.007192176444182247,0.047896760610856515,0.0652442068780349,0.01734744626717838,12.571648612046118
left_delta_left_eye,0.05768658023948681,0.008304219850578222,0.04874444897994856,0.070476328847907,0.021731879867958437,14.395410190902483
right_delta_right_eye,-0.04938389623573493,0.008949285374702428,-0.059181471930943086,-0.036334284231860026,0.02284718769908306,18.121869793308434
right_delta_left_eye,-0.04504525607008145,0.0036638189094991194,-0.0488856542205417,-0.04046334767409343,0.008422306546448266,8.133639874971399
center_middle_delta_right_eye,-0.005678721582226353,0.007196115672943741,-0.014640196570612107,0.00046441615741188436,0.015104612728023992,126.72069881831555
center_middle_delta_left_eye,-0.0029789702724516863,0.003018033968649947,-0.006522029534271945,0.00020971505282196823,0.006731744587093913,101.31131540853247
center_final_delta_right_eye,0.0005450186908778076,0.004734990003913106,-0.005544058476438685,0.005978335756933129,0.011522394233371813,868.7757104782822
center_final_delta_left_eye,0.004322505759975925,0.0045691709465536644,0.00019173236476532907,0.011349875447398294,0.011158143082632965,105.70653228184742
left_interocular_difference,0.0004770871480976324,0.013592184224935886,-0.01649975789808633,0.016524181950998307,0.03302393984908464,2848.9940001809364
right_interocular_difference,0.004338640165653473,0.010403174193890795,-0.00632192280547339,0.018718124256849655,0.025040047062323045,239.77960367044867
