repetition,event,event_name,target,frames,right_median,right_mean,right_std,left_median,left_mean,left_std
1,0,center_initial,center,39,0.4610334589253688,0.4616516669162823,0.0019379000294723215,0.5690088522557288,0.5684205275933517,0.001479135877183877
1,1,left,left,39,0.5149856058222775,0.5146459693243624,0.0025196986637312773,0.6394851811036358,0.6390565450725012,0.004836691685684835
1,2,center_middle,center,39,0.4614978750827807,0.4608261555032676,0.0036770989028934373,0.5692185673085508,0.5699639263371026,0.0025220100651635415
1,3,right,right,38,0.4018519869944257,0.4025220362550034,0.0035674809442028605,0.5285455045816354,0.5285237596940746,0.0015425134861130597
1,4,center_final,center,39,0.4554894004489301,0.4592803375043978,0.008929236202891168,0.5733584519682038,0.5760693617613869,0.004636626337164982
2,0,center_initial,center,39,0.4543546667413688,0.45403581405212845,0.0011779868602323977,0.5782159932330032,0.5775879639837909,0.0016325872552881162
2,1,left,left,38,0.5195988736194037,0.5190629437779944,0.0015078817009233825,0.6269604422129518,0.6271611615717904,0.001073746755278147
2,2,center_middle,center,39,0.4547787552646806,0.4552890864342419,0.0025895381757471423,0.5781083341455961,0.5782788164105523,0.0022243303739315507
2,3,right,right,39,0.4067297412759985,0.4070127711423461,0.001910523640786414,0.5293303390124615,0.5305366371520098,0.0033815338691245878
2,4,center_final,center,39,0.4550132497281667,0.4552572708703431,0.002146701207165197,0.578548080895281,0.5774106132807433,0.002343209572254112
3,0,center_initial,center,39,0.4517944751321155,0.45247496323582825,0.0013677341111407138,0.5746977339138564,0.5733883121123177,0.002291747575558514
3,1,left,left,39,0.5154388394421323,0.515836804413225,0.0017487409556107792,0.6316387246832836,0.6304324354914332,0.0023575420904743804
3,2,center_middle,center,39,0.4492928519148113,0.449036305447424,0.0026658988531267466,0.571532959603481,0.5716540840826908,0.001240965291283146
3,3,right,right,39,0.4154601909002555,0.415060962005889,0.0012491305018359948,0.532041526876523,0.5326959068850962,0.0020949140947792897
3,4,center_final,center,39,0.455996063721105,0.45516621264449586,0.006228821845294999,0.5800869675268197,0.5807910818522972,0.0035947653560293893
4,0,center_initial,center,39,0.4639960548109084,0.4631954199070742,0.002455849476241498,0.5675458189702673,0.5688750154253424,0.0036996813369560588
4,1,left,left,39,0.5118928154217649,0.5115613986604617,0.0024338545038905665,0.6273511057119565,0.6258338028801145,0.0035298536199271343
4,2,center_middle,center,39,0.4518557620069693,0.45247445876225495,0.0033991556789853537,0.5610237894359954,0.5627781367700215,0.0035199011497291524
4,3,right,right,39,0.4077234542775135,0.4085727161350767,0.0030024652854267093,0.5228515266595827,0.5229581107675313,0.0017997967750626616
4,4,center_final,center,39,0.4699743905678415,0.47102539775000013,0.006012525199477773,0.5788956944176656,0.580673449269653,0.004193978543023632
5,0,center_initial,center,39,0.4629408768994463,0.4625898994483501,0.0011874883759396182,0.5758148142232533,0.5765229709994906,0.0020284768772602523
5,1,left,left,39,0.5182508636605753,0.5179344085981206,0.0012037057425098635,0.6282806600817153,0.6281660976491815,0.0005945584111393806
5,2,center_middle,center,39,0.4483006803288342,0.44870076909107565,0.0014332198487291877,0.5705047107402272,0.570467680182552,0.0012836006868073365
5,3,right,right,39,0.41543467788234,0.41352873512133886,0.004407568414058893,0.5272880351154993,0.5281585232009999,0.0025598318633236286
5,4,center_final,center,39,0.4603715214975535,0.4594800198499134,0.002252916018650894,0.5760065465880186,0.5756342913631011,0.0020817468867579993
