frame,timestamp_s,right_x,left_x,valid,event,target,stimulus_x_norm,stimulus_y_norm,event_start_s,event_end_s,event_elapsed_s
0,0.002636,0.4559619926388497,0.5580182543523521,1,0,center,0.5,0.5,0.000137,2.002994,0.002499
1,0.035412,0.4573997033611481,0.5593730672040816,1,0,center,0.5,0.5,0.000137,2.002994,0.035275
2,0.071089,0.4576439102451441,0.5614345919930707,1,0,center,0.5,0.5,0.000137,2.002994,0.070952
3,0.102963,0.4583848699548575,0.5635605616388975,1,0,center,0.5,0.5,0.000137,2.002994,0.102826
4,0.135142,0.4585866002341516,0.5650391259711,1,0,center,0.5,0.5,0.000137,2.002994,0.13500500000000001
5,0.170644,0.4594291111554235,0.5674133354540145,1,0,center,0.5,0.5,0.000137,2.002994,0.170507
6,0.203084,0.4607252922901787,0.5690127225234005,1,0,center,0.5,0.5,0.000137,2.002994,0.202947
7,0.23882,0.4612567584032901,0.570149031476288,1,0,center,0.5,0.5,0.000137,2.002994,0.238683
8,0.270752,0.4602736108787519,0.5707449744132808,1,0,center,0.5,0.5,0.000137,2.002994,0.270615
9,0.302941,0.4601932519138812,0.5723174878113529,1,0,center,0.5,0.5,0.000137,2.002994,0.302804
10,0.338707,0.4605838435068709,0.5735129320784034,1,0,center,0.5,0.5,0.000137,2.002994,0.33857
11,0.371206,0.4608476056314907,0.573964069816041,1,0,center,0.5,0.5,0.000137,2.002994,0.371069
12,0.40296,0.4619829490168198,0.5745088893075964,1,0,center,0.5,0.5,0.000137,2.002994,0.402823
13,0.43881,0.461931225233784,0.574453503970587,1,0,center,0.5,0.5,0.000137,2.002994,0.438673
14,0.471299,0.463067823108499,0.574811526277677,1,0,center,0.5,0.5,0.000137,2.002994,0.471162
15,0.502968,0.4636599521666063,0.574842316557392,1,0,center,0.5,0.5,0.000137,2.002994,0.5028309999999999
16,0.539004,0.4638061925017945,0.5748901439537651,1,0,center,0.5,0.5,0.000137,2.002994,0.538867
17,0.57081,0.4639960548109084,0.5748033568362877,1,0,center,0.5,0.5,0.000137,2.002994,0.570673
18,0.602854,0.4640853802028657,0.5749398206801978,1,0,center,0.5,0.5,0.000137,2.002994,0.602717
19,0.638856,0.4640324968404864,0.5749715120023574,1,0,center,0.5,0.5,0.000137,2.002994,0.6387189999999999
20,0.670819,0.4642367187041601,0.5748019803048183,1,0,center,0.5,0.5,0.000137,2.002994,0.670682
21,0.706678,0.46473485689247,0.574471172966105,1,0,center,0.5,0.5,0.000137,2.002994,0.706541
22,0.738825,0.4648679336849611,0.5740326598623041,1,0,center,0.5,0.5,0.000137,2.002994,0.7386879999999999
23,0.771073,0.4644822705663125,0.5734658705737866,1,0,center,0.5,0.5,0.000137,2.002994,0.770936
24,0.806653,0.4653949487725094,0.5722938749489727,1,0,center,0.5,0.5,0.000137,2.002994,0.8065159999999999
25,0.838646,0.4658698202495083,0.5710366373965974,1,0,center,0.5,0.5,0.000137,2.002994,0.838509
26,0.870695,0.4657361281673842,0.5706210943838409,1,0,center,0.5,0.5,0.000137,2.002994,0.8705579999999999
27,0.906788,0.4657718004466187,0.5699685816902553,1,0,center,0.5,0.5,0.000137,2.002994,0.906651
28,0.938647,0.4658500363706562,0.5698321574011631,1,0,center,0.5,0.5,0.000137,2.002994,0.93851
29,0.971196,0.4661484081373517,0.5692443822867079,1,0,center,0.5,0.5,0.000137,2.002994,0.9710589999999999
30,1.006799,0.4662311915410621,0.5692846332535338,1,0,center,0.5,0.5,0.000137,2.002994,1.006662
31,1.039346,0.4662912570473503,0.5691738362325967,1,0,center,0.5,0.5,0.000137,2.002994,1.039209
32,1.070828,0.4662574333168979,0.5689961911933272,1,0,center,0.5,0.5,0.000137,2.002994,1.0706909999999998
33,1.106991,0.4659529124591719,0.5681168257210751,1,0,center,0.5,0.5,0.000137,2.002994,1.106854
34,1.13902,0.4655246033833759,0.5675458189702673,1,0,center,0.5,0.5,0.000137,2.002994,1.1388829999999999
35,1.170797,0.4649506072307627,0.5673014870957501,1,0,center,0.5,0.5,0.000137,2.002994,1.17066
36,1.206753,0.4641712047529894,0.566405018251185,1,0,center,0.5,0.5,0.000137,2.002994,1.206616
37,1.238862,0.4637522276948395,0.5661413286100491,1,0,center,0.5,0.5,0.000137,2.002994,1.2387249999999999
38,1.275051,0.4629500927058086,0.5657450175058014,1,0,center,0.5,0.5,0.000137,2.002994,1.2749139999999999
39,1.306903,0.4622377665063374,0.5654531284527313,1,0,center,0.5,0.5,0.000137,2.002994,1.3067659999999999
40,1.338641,0.461414358554008,0.5651983088086917,1,0,center,0.5,0.5,0.000137,2.002994,1.338504
41,1.374968,0.461166069835471,0.5648912310971367,1,0,center,0.5,0.5,0.000137,2.002994,1.374831
42,1.406677,0.4610424084268119,0.5650140201274659,1,0,center,0.5,0.5,0.000137,2.002994,1.40654
43,1.439227,0.4609914120341138,0.5652888213616781,1,0,center,0.5,0.5,0.000137,2.002994,1.43909
44,1.474787,0.4611649211373077,0.5651899887563534,1,0,center,0.5,0.5,0.000137,2.002994,1.47465
45,1.507322,0.4610506432172599,0.5651058623923694,1,0,center,0.5,0.5,0.000137,2.002994,1.507185
46,1.538896,0.4609854845579788,0.5651257330535346,1,0,center,0.5,0.5,0.000137,2.002994,1.538759
47,1.575098,0.4592848567008419,0.564560595525371,1,0,center,0.5,0.5,0.000137,2.002994,1.574961
48,1.606958,0.4593735433323829,0.5648296176169016,1,0,center,0.5,0.5,0.000137,2.002994,1.606821
49,1.638805,0.4592632596301326,0.5655618273560289,1,0,center,0.5,0.5,0.000137,2.002994,1.638668
50,1.6751,0.4594316393113779,0.5664179355094162,1,0,center,0.5,0.5,0.000137,2.002994,1.674963
51,1.706694,0.4595099650717194,0.5667471202302292,1,0,center,0.5,0.5,0.000137,2.002994,1.7065569999999999
52,1.743055,0.4594936566973955,0.5670368742192435,1,0,center,0.5,0.5,0.000137,2.002994,1.742918
53,1.774644,0.4594568627158981,0.5667788184030638,1,0,center,0.5,0.5,0.000137,2.002994,1.774507
54,1.807249,0.4593207366392817,0.5667477616066369,1,0,center,0.5,0.5,0.000137,2.002994,1.807112
55,1.842709,0.4592102123227184,0.5666979176522322,1,0,center,0.5,0.5,0.000137,2.002994,1.8425719999999999
56,1.875478,0.4589665009818636,0.5668880777828951,1,0,center,0.5,0.5,0.000137,2.002994,1.875341
57,1.906913,0.4586917271433214,0.5667056060037324,1,0,center,0.5,0.5,0.000137,2.002994,1.906776
58,1.942953,0.4572681521103695,0.5664071635567126,1,0,center,0.5,0.5,0.000137,2.002994,1.9428159999999999
59,1.974911,0.4562157504007042,0.5665358110052614,1,0,center,0.5,0.5,0.000137,2.002994,1.974774
60,2.006787,0.4553852725188304,0.5673392685829727,1,1,left,0.25,0.5,2.002994,4.007397,0.0037929999999999353
61,2.042723,0.4554748167305789,0.5684781145727069,1,1,left,0.25,0.5,2.002994,4.007397,0.0397289999999999
62,2.074908,0.4554328045696003,0.5694188496460496,1,1,left,0.25,0.5,2.002994,4.007397,0.07191400000000003
63,2.106691,0.455665026503712,0.5699109418013008,1,1,left,0.25,0.5,2.002994,4.007397,0.10369699999999993
64,2.142989,0.4549667892804863,0.5701864745810574,1,1,left,0.25,0.5,2.002994,4.007397,0.13999499999999987
65,2.174691,0.4547003310357738,0.5702816254284823,1,1,left,0.25,0.5,2.002994,4.007397,0.171697
66,2.210838,0.4549197184173973,0.5707437620118222,1,1,left,0.25,0.5,2.002994,4.007397,0.2078439999999997
67,2.242948,0.4552097858034856,0.571224483375052,1,1,left,0.25,0.5,2.002994,4.007397,0.239954
68,2.274784,0.4552648076829904,0.5718158950151605,1,1,left,0.25,0.5,2.002994,4.007397,0.27178999999999975
69,2.310996,0.4583496381323925,0.5756931316874256,1,1,left,0.25,0.5,2.002994,4.007397,0.30800199999999966
70,2.343037,0.4845312160375927,0.5953142745037977,1,1,left,0.25,0.5,2.002994,4.007397,0.34004299999999965
71,2.374852,0.4986719083834793,0.6067421629440651,1,1,left,0.25,0.5,2.002994,4.007397,0.371858
72,2.410831,0.5057193656378529,0.6123224522964766,1,1,left,0.25,0.5,2.002994,4.007397,0.4078369999999998
73,2.442726,0.5082899461827556,0.6145914282022057,1,1,left,0.25,0.5,2.002994,4.007397,0.4397319999999998
74,2.474792,0.510172929092777,0.6164176078557044,1,1,left,0.25,0.5,2.002994,4.007397,0.4717979999999997
75,2.510998,0.5115811574456595,0.6169373658531188,1,1,left,0.25,0.5,2.002994,4.007397,0.5080039999999997
76,2.543129,0.5126876131368097,0.616977254416658,1,1,left,0.25,0.5,2.002994,4.007397,0.5401349999999998
77,2.574799,0.5135095098279517,0.6204522229583808,1,1,left,0.25,0.5,2.002994,4.007397,0.5718049999999999
78,2.610916,0.5135264943831684,0.6205892908551665,1,1,left,0.25,0.5,2.002994,4.007397,0.6079219999999999
79,2.643032,0.5132567350563847,0.6205415354915841,1,1,left,0.25,0.5,2.002994,4.007397,0.6400379999999997
80,2.674837,0.5134309461422798,0.620898030702504,1,1,left,0.25,0.5,2.002994,4.007397,0.671843
81,2.710995,0.5136819442476535,0.6211505751459453,1,1,left,0.25,0.5,2.002994,4.007397,0.7080009999999999
82,2.742909,0.5150714221391959,0.6206813079741934,1,1,left,0.25,0.5,2.002994,4.007397,0.7399149999999999
83,2.778655,0.5158548143820346,0.6237372198787635,1,1,left,0.25,0.5,2.002994,4.007397,0.7756609999999999
84,2.811068,0.5143654207960355,0.6224979409093266,1,1,left,0.25,0.5,2.002994,4.007397,0.808074
85,2.842795,0.5143822205399134,0.624385238120402,1,1,left,0.25,0.5,2.002994,4.007397,0.839801
86,2.878699,0.5133607634803882,0.6244166452966659,1,1,left,0.25,0.5,2.002994,4.007397,0.875705
87,2.910669,0.5134494912695067,0.6270630317625494,1,1,left,0.25,0.5,2.002994,4.007397,0.9076749999999998
88,2.942892,0.513579853522593,0.629517554291419,1,1,left,0.25,0.5,2.002994,4.007397,0.9398979999999999
89,2.978879,0.513439508365532,0.629566884148567,1,1,left,0.25,0.5,2.002994,4.007397,0.9758849999999999
90,3.010899,0.5143815601404332,0.6291728048702065,1,1,left,0.25,0.5,2.002994,4.007397,1.007905
91,3.042988,0.5137137521968473,0.6279904564456164,1,1,left,0.25,0.5,2.002994,4.007397,1.0399939999999996
92,3.078753,0.5139503760665731,0.627110851563904,1,1,left,0.25,0.5,2.002994,4.007397,1.0757589999999997
93,3.110805,0.5138961382883868,0.6264415572967535,1,1,left,0.25,0.5,2.002994,4.007397,1.1078109999999999
94,3.142913,0.5138647238690676,0.6266231581904816,1,1,left,0.25,0.5,2.002994,4.007397,1.139919
95,3.178832,0.5118928154217649,0.6273511057119565,1,1,left,0.25,0.5,2.002994,4.007397,1.1758379999999997
96,3.210644,0.5106810992253435,0.6272607033383054,1,1,left,0.25,0.5,2.002994,4.007397,1.2076499999999997
97,3.2467,0.5099953736924989,0.6276050526655604,1,1,left,0.25,0.5,2.002994,4.007397,1.243706
98,3.278935,0.5097895310653824,0.6269466509916553,1,1,left,0.25,0.5,2.002994,4.007397,1.275941
99,3.310989,0.5095086024087238,0.6276605081377222,1,1,left,0.25,0.5,2.002994,4.007397,1.307995
100,3.346663,0.5095828243287184,0.6282511594114975,1,1,left,0.25,0.5,2.002994,4.007397,1.3436689999999998
101,3.378752,0.5094068261465653,0.6278639708313009,1,1,left,0.25,0.5,2.002994,4.007397,1.3757579999999998
102,3.411167,0.5091317324717883,0.6277656743620111,1,1,left,0.25,0.5,2.002994,4.007397,1.4081729999999997
103,3.447036,0.508971991645437,0.6280593158592612,1,1,left,0.25,0.5,2.002994,4.007397,1.444042
104,3.479009,0.5089370288776586,0.6282611877903096,1,1,left,0.25,0.5,2.002994,4.007397,1.4760149999999999
105,3.510793,0.5089410284200737,0.6276379089438981,1,1,left,0.25,0.5,2.002994,4.007397,1.507799
106,3.546726,0.5088566411321271,0.6275671470920156,1,1,left,0.25,0.5,2.002994,4.007397,1.5437319999999999
107,3.578668,0.5089907332810507,0.6272659469202655,1,1,left,0.25,0.5,2.002994,4.007397,1.5756739999999998
108,3.61116,0.5090215764276786,0.627472790949576,1,1,left,0.25,0.5,2.002994,4.007397,1.6081659999999998
109,3.646882,0.508860041571502,0.62804308456004,1,1,left,0.25,0.5,2.002994,4.007397,1.643888
110,3.679109,0.5087721703986668,0.6284640251619487,1,1,left,0.25,0.5,2.002994,4.007397,1.6761149999999998
111,3.714787,0.5084448839291952,0.6288306575252436,1,1,left,0.25,0.5,2.002994,4.007397,1.7117929999999997
112,3.746817,0.5081697771871623,0.6290563392386611,1,1,left,0.25,0.5,2.002994,4.007397,1.743823
113,3.778651,0.5079554248302568,0.6294041566610291,1,1,left,0.25,0.5,2.002994,4.007397,1.7756569999999998
114,3.814766,0.5074216675537938,0.6303937688928654,1,1,left,0.25,0.5,2.002994,4.007397,1.811772
115,3.847131,0.5070656490300102,0.6323569168184447,1,1,left,0.25,0.5,2.002994,4.007397,1.844137
116,3.878659,0.5080556725015843,0.6342128806573206,1,1,left,0.25,0.5,2.002994,4.007397,1.8756649999999997
117,3.914945,0.5096243318994816,0.6366905568197051,1,1,left,0.25,0.5,2.002994,4.007397,1.9119509999999997
118,3.946841,0.5094633509509738,0.6355727798670898,1,1,left,0.25,0.5,2.002994,4.007397,1.9438469999999999
119,3.978659,0.5098646348458861,0.6346461308487151,1,1,left,0.25,0.5,2.002994,4.007397,1.9756649999999998
120,4.014829,0.5098801636706728,0.6334021683105286,1,2,center,0.5,0.5,4.007397,6.003743,0.007431999999999661
121,4.046992,0.5098416832570276,0.6330887733758455,1,2,center,0.5,0.5,4.007397,6.003743,0.03959500000000027
122,4.079398,0.5098168971426387,0.63299561298181,1,2,center,0.5,0.5,4.007397,6.003743,0.0720010000000002
123,4.114703,0.5099378734291465,0.6327763191351169,1,2,center,0.5,0.5,4.007397,6.003743,0.10730600000000035
124,4.146911,0.5098245020228751,0.6327707814488122,1,2,center,0.5,0.5,4.007397,6.003743,0.13951400000000014
125,4.179022,0.5096885308316417,0.6329657869223883,1,2,center,0.5,0.5,4.007397,6.003743,0.1716249999999997
126,4.215257,0.508942780705966,0.6307973861121203,1,2,center,0.5,0.5,4.007397,6.003743,0.20786000000000016
127,4.24679,0.4903325111600504,0.6008435595988618,1,2,center,0.5,0.5,4.007397,6.003743,0.23939299999999974
128,4.282845,0.4639421631318166,0.5667040902473576,1,2,center,0.5,0.5,4.007397,6.003743,0.2754479999999999
129,4.314945,0.4500481945224784,0.5577688639495932,1,2,center,0.5,0.5,4.007397,6.003743,0.3075479999999997
130,4.347054,0.4474611350422587,0.5564337582773686,1,2,center,0.5,0.5,4.007397,6.003743,0.3396569999999999
131,4.383265,0.4441577249170698,0.5556553118156089,1,2,center,0.5,0.5,4.007397,6.003743,0.37586799999999965
132,4.414921,0.4440099812922278,0.5553039175279004,1,2,center,0.5,0.5,4.007397,6.003743,0.40752399999999955
133,4.446684,0.4414905573768641,0.5560796856595747,1,2,center,0.5,0.5,4.007397,6.003743,0.4392870000000002
134,4.482862,0.4420298997004592,0.5549197772424228,1,2,center,0.5,0.5,4.007397,6.003743,0.4754649999999998
135,4.51532,0.4436958807539277,0.5564053375680177,1,2,center,0.5,0.5,4.007397,6.003743,0.5079229999999999
136,4.546934,0.4454172925311289,0.5572119993190746,1,2,center,0.5,0.5,4.007397,6.003743,0.5395370000000002
137,4.58291,0.4468355278444694,0.5576471537588599,1,2,center,0.5,0.5,4.007397,6.003743,0.5755129999999999
138,4.615243,0.4481234184337652,0.5588001872933398,1,2,center,0.5,0.5,4.007397,6.003743,0.6078460000000003
139,4.646906,0.4491307828786062,0.5595395763288871,1,2,center,0.5,0.5,4.007397,6.003743,0.6395090000000003
140,4.683349,0.4495704584709474,0.5596274229669619,1,2,center,0.5,0.5,4.007397,6.003743,0.6759519999999997
141,4.714676,0.4496385131508136,0.5595221536310385,1,2,center,0.5,0.5,4.007397,6.003743,0.7072789999999998
142,4.75077,0.4504113256774931,0.5605907379927295,1,2,center,0.5,0.5,4.007397,6.003743,0.7433730000000001
143,4.782924,0.4508984498261898,0.56109489355437,1,2,center,0.5,0.5,4.007397,6.003743,0.7755270000000003
144,4.815213,0.4510367622721732,0.5607304184041891,1,2,center,0.5,0.5,4.007397,6.003743,0.8078159999999999
145,4.851333,0.4509901447614388,0.5604448739653318,1,2,center,0.5,0.5,4.007397,6.003743,0.8439360000000002
146,4.882727,0.4509239088263279,0.560178603509433,1,2,center,0.5,0.5,4.007397,6.003743,0.8753299999999999
147,4.915081,0.4509227890294023,0.5601290787303604,1,2,center,0.5,0.5,4.007397,6.003743,0.9076839999999997
148,4.950877,0.4517489778808024,0.5605847696722667,1,2,center,0.5,0.5,4.007397,6.003743,0.9434800000000001
149,4.982937,0.4518576474628149,0.5607727682095346,1,2,center,0.5,0.5,4.007397,6.003743,0.9755399999999996
150,5.014878,0.4518518318042972,0.5609063400726529,1,2,center,0.5,0.5,4.007397,6.003743,1.0074810000000003
151,5.0508,0.451821100868558,0.5610237894359954,1,2,center,0.5,0.5,4.007397,6.003743,1.0434029999999996
152,5.083249,0.4517185257868328,0.5609348977636095,1,2,center,0.5,0.5,4.007397,6.003743,1.0758520000000003
153,5.115411,0.4518557620069693,0.5608345050087185,1,2,center,0.5,0.5,4.007397,6.003743,1.1080139999999998
154,5.150761,0.4516086474054928,0.5605416846666916,1,2,center,0.5,0.5,4.007397,6.003743,1.143364
155,5.183084,0.4516259575669554,0.5606353780873453,1,2,center,0.5,0.5,4.007397,6.003743,1.175687
156,5.219062,0.4520568514007315,0.5614944361894669,1,2,center,0.5,0.5,4.007397,6.003743,1.211665
157,5.250917,0.4521944011185563,0.5623644222925401,1,2,center,0.5,0.5,4.007397,6.003743,1.2435200000000002
158,5.283096,0.4528991202770747,0.5638778386329787,1,2,center,0.5,0.5,4.007397,6.003743,1.2756989999999995
159,5.318682,0.4529420165369801,0.5648922139488568,1,2,center,0.5,0.5,4.007397,6.003743,1.3112849999999998
160,5.351123,0.4529138175263867,0.5662619197127007,1,2,center,0.5,0.5,4.007397,6.003743,1.3437260000000002
161,5.382914,0.4529432488501655,0.5670883865800708,1,2,center,0.5,0.5,4.007397,6.003743,1.3755170000000003
162,5.418825,0.4540314644617629,0.5680573594379099,1,2,center,0.5,0.5,4.007397,6.003743,1.411428
163,5.451435,0.4555240861330639,0.5678631563527451,1,2,center,0.5,0.5,4.007397,6.003743,1.444038
164,5.482686,0.4571709676399205,0.567903852273278,1,2,center,0.5,0.5,4.007397,6.003743,1.475289
165,5.519971,0.457866786481806,0.5678287454228955,1,2,center,0.5,0.5,4.007397,6.003743,1.5125739999999999
166,5.551532,0.4573052727962106,0.5674720849825325,1,2,center,0.5,0.5,4.007397,6.003743,1.5441349999999998
167,5.58297,0.4572416458525748,0.5674708369868335,1,2,center,0.5,0.5,4.007397,6.003743,1.5755730000000003
168,5.618952,0.4571838072091289,0.567199242940564,1,2,center,0.5,0.5,4.007397,6.003743,1.611555
169,5.651255,0.4569061331501545,0.5667623118351719,1,2,center,0.5,0.5,4.007397,6.003743,1.6438579999999998
170,5.682786,0.4566088829245989,0.5662891588759772,1,2,center,0.5,0.5,4.007397,6.003743,1.675389
171,5.71893,0.4564522387811598,0.5660694693735954,1,2,center,0.5,0.5,4.007397,6.003743,1.7115330000000002
172,5.750753,0.4563589864977782,0.5657155163891242,1,2,center,0.5,0.5,4.007397,6.003743,1.7433559999999995
173,5.786984,0.4562204588504823,0.5655798118641907,1,2,center,0.5,0.5,4.007397,6.003743,1.7795870000000003
174,5.818838,0.4563944392595043,0.5653762422927491,1,2,center,0.5,0.5,4.007397,6.003743,1.8114410000000003
175,5.850694,0.4563825055100262,0.5653254892975961,1,2,center,0.5,0.5,4.007397,6.003743,1.8432969999999997
176,5.886933,0.4560764480839963,0.5650870832597271,1,2,center,0.5,0.5,4.007397,6.003743,1.8795359999999999
177,5.919664,0.4559987657680883,0.5648780836487738,1,2,center,0.5,0.5,4.007397,6.003743,1.912267
178,5.951226,0.4558135676537342,0.5646998014238256,1,2,center,0.5,0.5,4.007397,6.003743,1.943829
179,5.988583,0.4556709307977016,0.5641356175216078,1,2,center,0.5,0.5,4.007397,6.003743,1.9811860000000001
180,6.018825,0.454257755578706,0.5638238870189148,1,3,right,0.75,0.5,6.003743,8.006171,0.015081999999999596
181,6.050675,0.4532041229119091,0.5635453321146155,1,3,right,0.75,0.5,6.003743,8.006171,0.046931999999999974
182,6.086842,0.4521999641761892,0.5632728527532443,1,3,right,0.75,0.5,6.003743,8.006171,0.08309899999999981
183,6.119533,0.4520417287602374,0.5633024220217056,1,3,right,0.75,0.5,6.003743,8.006171,0.11578999999999962
184,6.151003,0.4518543561242978,0.5631961801264627,1,3,right,0.75,0.5,6.003743,8.006171,0.14726000000000017
185,6.186927,0.4517532616610865,0.5632701579484692,1,3,right,0.75,0.5,6.003743,8.006171,0.1831839999999998
186,6.218827,0.4340730314073511,0.5479978367339423,1,3,right,0.75,0.5,6.003743,8.006171,0.21508400000000005
187,6.255026,0.415075395463762,0.5291929264065521,1,3,right,0.75,0.5,6.003743,8.006171,0.2512829999999999
188,6.286796,0.4100462035972647,0.5231786365143846,1,3,right,0.75,0.5,6.003743,8.006171,0.2830529999999998
189,6.318944,0.407513538362276,0.5202087640077362,1,3,right,0.75,0.5,6.003743,8.006171,0.31520100000000006
190,6.355083,0.4065671598039447,0.5177232827384137,1,3,right,0.75,0.5,6.003743,8.006171,0.35133999999999954
191,6.386882,0.4065114784327258,0.5168490635538774,1,3,right,0.75,0.5,6.003743,8.006171,0.3831389999999999
192,6.418986,0.4046521922135217,0.5171474073939297,1,3,right,0.75,0.5,6.003743,8.006171,0.41524300000000025
193,6.454974,0.4050221000761363,0.5176446334186657,1,3,right,0.75,0.5,6.003743,8.006171,0.45123099999999994
194,6.486799,0.405074050655977,0.5173335007942937,1,3,right,0.75,0.5,6.003743,8.006171,0.4830560000000004
195,6.518692,0.4051359125696524,0.517804851786229,1,3,right,0.75,0.5,6.003743,8.006171,0.5149489999999997
196,6.554871,0.4050147921913198,0.5187834122719437,1,3,right,0.75,0.5,6.003743,8.006171,0.5511280000000003
197,6.587303,0.4051129382848348,0.5194488986407427,1,3,right,0.75,0.5,6.003743,8.006171,0.5835600000000003
198,6.619054,0.405375266359892,0.5213689533355741,1,3,right,0.75,0.5,6.003743,8.006171,0.6153110000000002
199,6.655238,0.4053559719064068,0.5226581367068107,1,3,right,0.75,0.5,6.003743,8.006171,0.6514949999999997
200,6.686946,0.4051354760951619,0.522865926882003,1,3,right,0.75,0.5,6.003743,8.006171,0.6832029999999998
201,6.723086,0.4048961459588547,0.5233344190120903,1,3,right,0.75,0.5,6.003743,8.006171,0.7193430000000003
202,6.754783,0.4045215839240227,0.5230073738763462,1,3,right,0.75,0.5,6.003743,8.006171,0.7510399999999997
203,6.786978,0.4046177293224853,0.5234572342372266,1,3,right,0.75,0.5,6.003743,8.006171,0.7832350000000003
204,6.822683,0.4047589791225701,0.5240366711179063,1,3,right,0.75,0.5,6.003743,8.006171,0.8189399999999996
205,6.854916,0.405602012716046,0.524731364652183,1,3,right,0.75,0.5,6.003743,8.006171,0.8511730000000002
206,6.886801,0.4061477079612782,0.5249619229365262,1,3,right,0.75,0.5,6.003743,8.006171,0.8830580000000001
207,6.923077,0.4067832993796998,0.5254882939160457,1,3,right,0.75,0.5,6.003743,8.006171,0.9193340000000001
208,6.95469,0.4071733897999289,0.526500046079692,1,3,right,0.75,0.5,6.003743,8.006171,0.9509470000000002
209,6.986984,0.4074767180203272,0.5262374081818794,1,3,right,0.75,0.5,6.003743,8.006171,0.9832409999999996
210,7.023011,0.4075984951386827,0.5259038357972635,1,3,right,0.75,0.5,6.003743,8.006171,1.0192680000000003
211,7.054977,0.4077234542775135,0.5257108986928672,1,3,right,0.75,0.5,6.003743,8.006171,1.051234
212,7.086692,0.4077892725168006,0.5245633352784027,1,3,right,0.75,0.5,6.003743,8.006171,1.0829490000000002
213,7.122881,0.4073871614071335,0.523065576841944,1,3,right,0.75,0.5,6.003743,8.006171,1.1191379999999995
214,7.155095,0.4073752964246559,0.5222385850084135,1,3,right,0.75,0.5,6.003743,8.006171,1.1513520000000002
215,7.186839,0.4071436837235874,0.5217180616462922,1,3,right,0.75,0.5,6.003743,8.006171,1.183096
216,7.223021,0.4083650329015045,0.5218342297717959,1,3,right,0.75,0.5,6.003743,8.006171,1.219278
217,7.254821,0.4090999509187415,0.5221490178013687,1,3,right,0.75,0.5,6.003743,8.006171,1.2510779999999997
218,7.290925,0.4105027708522035,0.5227619588717274,1,3,right,0.75,0.5,6.003743,8.006171,1.2871819999999996
219,7.322695,0.4112528561125782,0.5227989458785292,1,3,right,0.75,0.5,6.003743,8.006171,1.3189520000000003
220,7.354959,0.4119441432230465,0.5229950589626784,1,3,right,0.75,0.5,6.003743,8.006171,1.351216
221,7.391004,0.4123602190534265,0.5229005639952949,1,3,right,0.75,0.5,6.003743,8.006171,1.3872609999999996
222,7.42269,0.4126367559038032,0.5227099761429439,1,3,right,0.75,0.5,6.003743,8.006171,1.4189470000000002
223,7.454839,0.412854393599583,0.5227949285936921,1,3,right,0.75,0.5,6.003743,8.006171,1.4510959999999997
224,7.491093,0.4128660540165677,0.5226783980224693,1,3,right,0.75,0.5,6.003743,8.006171,1.4873500000000002
225,7.523077,0.4129761746497676,0.5225954413852978,1,3,right,0.75,0.5,6.003743,8.006171,1.5193339999999997
226,7.555295,0.4128629756593315,0.523060931231058,1,3,right,0.75,0.5,6.003743,8.006171,1.551552
227,7.590858,0.412673782693886,0.5233103515669294,1,3,right,0.75,0.5,6.003743,8.006171,1.5871149999999998
228,7.622846,0.4124482385235075,0.5231975157921441,1,3,right,0.75,0.5,6.003743,8.006171,1.619103
229,7.654698,0.4121816154410164,0.5228515266595827,1,3,right,0.75,0.5,6.003743,8.006171,1.6509549999999997
230,7.690814,0.4108097532715371,0.5223937168520663,1,3,right,0.75,0.5,6.003743,8.006171,1.6870709999999995
231,7.72286,0.4104796697791318,0.5223367581290107,1,3,right,0.75,0.5,6.003743,8.006171,1.7191169999999998
232,7.758907,0.410149791389968,0.5221852958282444,1,3,right,0.75,0.5,6.003743,8.006171,1.7551639999999997
233,7.790966,0.4097464641775331,0.5219264975505022,1,3,right,0.75,0.5,6.003743,8.006171,1.787223
234,7.822891,0.409562897653547,0.5218443436341823,1,3,right,0.75,0.5,6.003743,8.006171,1.8191480000000002
235,7.859257,0.4090499478761298,0.5215409756795457,1,3,right,0.75,0.5,6.003743,8.006171,1.8555140000000003
236,7.890694,0.4088462975632935,0.5217237912733919,1,3,right,0.75,0.5,6.003743,8.006171,1.8869509999999998
237,7.923028,0.4083115457239082,0.5213407772119939,1,3,right,0.75,0.5,6.003743,8.006171,1.9192850000000004
238,7.959242,0.4079655078580442,0.5212606459163267,1,3,right,0.75,0.5,6.003743,8.006171,1.9554989999999997
239,7.990868,0.4078534634805033,0.5214150251479138,1,3,right,0.75,0.5,6.003743,8.006171,1.9871249999999998
240,8.022707,0.4083446914118271,0.5215011570960351,1,4,center,0.5,0.5,8.006171,10.000857,0.016536000000000328
241,8.058889,0.4083791258870489,0.5218322137822106,1,4,center,0.5,0.5,8.006171,10.000857,0.05271800000000049
242,8.09106,0.4234865177854838,0.5382005534456813,1,4,center,0.5,0.5,8.006171,10.000857,0.08488900000000044
243,8.122676,0.4569700344800562,0.5651140479858361,1,4,center,0.5,0.5,8.006171,10.000857,0.11650500000000008
244,8.158943,0.4725151546610422,0.5760641312678388,1,4,center,0.5,0.5,8.006171,10.000857,0.15277200000000057
245,8.191252,0.4813346869180446,0.5805223260071873,1,4,center,0.5,0.5,8.006171,10.000857,0.18508100000000027
246,8.226678,0.4876881609813128,0.583110119248284,1,4,center,0.5,0.5,8.006171,10.000857,0.22050699999999956
247,8.258864,0.4922037654888134,0.5843925657018209,1,4,center,0.5,0.5,8.006171,10.000857,0.2526930000000007
248,8.29081,0.4932344051400832,0.5848051168941858,1,4,center,0.5,0.5,8.006171,10.000857,0.2846390000000003
249,8.326742,0.4909946424458171,0.5873596514154059,1,4,center,0.5,0.5,8.006171,10.000857,0.3205709999999993
250,8.358909,0.4902868530002467,0.587680369753297,1,4,center,0.5,0.5,8.006171,10.000857,0.35273800000000044
251,8.390787,0.4892738344409966,0.5881996342604066,1,4,center,0.5,0.5,8.006171,10.000857,0.3846159999999994
252,8.426842,0.4864135307014142,0.5886290041970704,1,4,center,0.5,0.5,8.006171,10.000857,0.42067100000000046
253,8.459009,0.484896459984048,0.5888098109835268,1,4,center,0.5,0.5,8.006171,10.000857,0.45283799999999985
254,8.490892,0.4833873526461431,0.5887008463529081,1,4,center,0.5,0.5,8.006171,10.000857,0.4847210000000004
255,8.527259,0.4820994145586145,0.588035147058242,1,4,center,0.5,0.5,8.006171,10.000857,0.5210880000000007
256,8.558823,0.4813624786572282,0.5875036910032241,1,4,center,0.5,0.5,8.006171,10.000857,0.5526520000000001
257,8.590732,0.480642646332713,0.5869822102169933,1,4,center,0.5,0.5,8.006171,10.000857,0.584560999999999
258,8.626897,0.4798452204412515,0.586620277617847,1,4,center,0.5,0.5,8.006171,10.000857,0.6207259999999994
259,8.658713,0.4793144483771901,0.5863175780589102,1,4,center,0.5,0.5,8.006171,10.000857,0.6525420000000004
260,8.691161,0.4788718964420294,0.5861922912137308,1,4,center,0.5,0.5,8.006171,10.000857,0.6849899999999991
261,8.726695,0.4783905147889457,0.5859886304417387,1,4,center,0.5,0.5,8.006171,10.000857,0.7205239999999993
262,8.758787,0.4777962490996039,0.5857654847501637,1,4,center,0.5,0.5,8.006171,10.000857,0.7526159999999997
263,8.794855,0.4776025164398522,0.5852455996591589,1,4,center,0.5,0.5,8.006171,10.000857,0.7886839999999999
264,8.826877,0.4768997536079636,0.5847164132732894,1,4,center,0.5,0.5,8.006171,10.000857,0.8207059999999995
265,8.858754,0.475805273699405,0.5843640692704045,1,4,center,0.5,0.5,8.006171,10.000857,0.8525829999999992
266,8.895568,0.4742348897607538,0.5837671841800165,1,4,center,0.5,0.5,8.006171,10.000857,0.8893970000000007
267,8.926814,0.4734976569036896,0.5831371707001411,1,4,center,0.5,0.5,8.006171,10.000857,0.9206430000000001
268,8.958784,0.4727469566521296,0.5827611868720955,1,4,center,0.5,0.5,8.006171,10.000857,0.9526129999999995
269,8.995153,0.4722091015100572,0.5823487803164016,1,4,center,0.5,0.5,8.006171,10.000857,0.988982
270,9.026761,0.4719431821677509,0.5822812770481376,1,4,center,0.5,0.5,8.006171,10.000857,1.0205900000000003
271,9.058689,0.4715791047228312,0.5821191347583263,1,4,center,0.5,0.5,8.006171,10.000857,1.0525179999999992
272,9.094852,0.4713170401902652,0.5814500874156439,1,4,center,0.5,0.5,8.006171,10.000857,1.0886809999999993
273,9.127344,0.470340249771494,0.5803439799267006,1,4,center,0.5,0.5,8.006171,10.000857,1.1211730000000006
274,9.158955,0.4699743905678415,0.5788956944176656,1,4,center,0.5,0.5,8.006171,10.000857,1.1527840000000005
275,9.194871,0.4698150152866205,0.5783374716406262,1,4,center,0.5,0.5,8.006171,10.000857,1.188699999999999
276,9.226877,0.4694017488878093,0.5780200924344677,1,4,center,0.5,0.5,8.006171,10.000857,1.2207059999999998
277,9.26303,0.4687019663718897,0.5776119475584515,1,4,center,0.5,0.5,8.006171,10.000857,1.2568590000000004
278,9.294856,0.4681877573365166,0.5774206628768918,1,4,center,0.5,0.5,8.006171,10.000857,1.2886849999999992
279,9.326757,0.4676200860097599,0.5773617665586608,1,4,center,0.5,0.5,8.006171,10.000857,1.3205860000000005
280,9.36357,0.4668092635513402,0.5773585854439244,1,4,center,0.5,0.5,8.006171,10.000857,1.3573989999999991
281,9.394942,0.4665302071016592,0.5775075692314805,1,4,center,0.5,0.5,8.006171,10.000857,1.3887710000000002
282,9.427384,0.4666797130087277,0.5775933617946387,1,4,center,0.5,0.5,8.006171,10.000857,1.4212129999999998
283,9.463095,0.4668641465660325,0.5777594834903761,1,4,center,0.5,0.5,8.006171,10.000857,1.456923999999999
284,9.49479,0.4669035866578733,0.5777880747582668,1,4,center,0.5,0.5,8.006171,10.000857,1.488619
285,9.526833,0.4669410935186119,0.5778113734051471,1,4,center,0.5,0.5,8.006171,10.000857,1.5206619999999997
286,9.56279,0.4665958031805597,0.5775420250109286,1,4,center,0.5,0.5,8.006171,10.000857,1.5566189999999995
287,9.594923,0.4663279846888132,0.5769343792637054,1,4,center,0.5,0.5,8.006171,10.000857,1.5887519999999995
288,9.626729,0.4651551414526052,0.5763148329270907,1,4,center,0.5,0.5,8.006171,10.000857,1.620557999999999
289,9.662808,0.4646202581688178,0.5759239309832583,1,4,center,0.5,0.5,8.006171,10.000857,1.656637
290,9.69488,0.4634289792417101,0.5758029482626487,1,4,center,0.5,0.5,8.006171,10.000857,1.6887089999999993
291,9.730968,0.4624344150727765,0.5756168915620844,1,4,center,0.5,0.5,8.006171,10.000857,1.7247970000000006
292,9.762681,0.4611123085436077,0.5748275608939415,1,4,center,0.5,0.5,8.006171,10.000857,1.7565100000000005
293,9.794978,0.4593880529126667,0.573895675221053,1,4,center,0.5,0.5,8.006171,10.000857,1.7888070000000003
294,9.830758,0.4569411682957812,0.5733565385817747,1,4,center,0.5,0.5,8.006171,10.000857,1.8245869999999993
295,9.863078,0.4562813264200973,0.572729399267712,1,4,center,0.5,0.5,8.006171,10.000857,1.8569069999999996
296,9.894921,0.4554593071906697,0.571577816680559,1,4,center,0.5,0.5,8.006171,10.000857,1.88875
297,9.930767,0.4535736133412362,0.5705790331752622,1,4,center,0.5,0.5,8.006171,10.000857,1.9245959999999993
298,9.96275,0.4526561590957684,0.5703152520984958,1,4,center,0.5,0.5,8.006171,10.000857,1.9565789999999996
299,9.995292,0.4514435249548436,0.5698378813604541,1,4,center,0.5,0.5,8.006171,10.000857,1.989120999999999
