frame,timestamp_s,right_x,left_x,valid,right_dx,left_dx,interocular_difference
0,0.0,0.4712633798049689,0.5302528632744704,1,-0.01550024081239143,-0.006638017882777292,0.008862222929614139
1,0.037,0.4708817206521398,0.5281165051514741,1,-0.015881899965220547,-0.008774376005773576,0.007107523959446971
2,0.073,0.4733575117984098,0.5377968270829458,1,-0.013406108818950546,0.0009059459256981484,0.014312054744648695
3,0.11,0.4822810270938999,0.5356642336197303,1,-0.004482593523460421,-0.0012266475375174446,0.0032559459859429762
4,0.146,0.4860549671636306,0.5341543091465546,1,-0.000708653453729724,-0.0027365720106931057,-0.0020279185569633817
5,0.183,0.4868068841949324,0.534491999784773,1,4.326357757206134e-05,-0.0023988813724746816,-0.002442144950046743
6,0.219,0.4873175364645015,0.5344983067800614,1,0.0005539158471411509,-0.0023925743771863184,-0.0029464902243274693
7,0.256,0.4878795148940728,0.5345771463196985,1,0.001115894276712437,-0.002313734837549153,-0.00342962911426159
8,0.292,0.4881300719130184,0.5345588627498761,1,0.0013664512956580444,-0.0023320184073716277,-0.003698469703029672
9,0.329,0.4881358228648246,0.5345805707348009,1,0.0013722022474642603,-0.002310310422446782,-0.003682512669911042
10,0.366,0.4881907050559193,0.5345092767350266,1,0.0014270844385589898,-0.0023816044222211286,-0.0038086888607801184
11,0.402,0.4882291530398716,0.5345138144822449,1,0.0014655324225112398,-0.0023770666750028147,-0.0038425990975140545
12,0.439,0.4881803727090063,0.5344996432046186,1,0.0014167520916459897,-0.0023912379526290772,-0.003807990044275067
13,0.475,0.4881346168968067,0.534499939737976,1,0.0013709962794463681,-0.0023909414192716527,-0.003761937698718021
14,0.512,0.4881015774645092,0.5345113034457606,1,0.00133795684714888,-0.002379577711487113,-0.003717534558635993
15,0.548,0.4880544032423385,0.5344933631252736,1,0.0012907826249781706,-0.0023975180319740774,-0.003688300656952248
16,0.585,0.488039955521119,0.5344948891303732,1,0.001276334903758669,-0.0023959920268744606,-0.0036723269306331296
17,0.622,0.4879766228387314,0.5346075041083248,1,0.0012130022213710512,-0.0022833770489228966,-0.003496379270293948
18,0.658,0.4881287664210856,0.5347277273563474,1,0.001365145803725265,-0.0021631538009002638,-0.003528299604625529
19,0.695,0.4884255314668278,0.5355366796763955,1,0.001661910849467485,-0.0013542014808521907,-0.0030161123303196757
20,0.731,0.4883553363164729,0.535690566219813,1,0.0015917156991125392,-0.0012003149374346656,-0.0027920306365472047
21,0.768,0.4889203132206218,0.5359784699102182,1,0.0021566926032614564,-0.0009124112470294543,-0.0030691038502909107
22,0.804,0.4895197883765909,0.5358883049026684,1,0.0027561677592305434,-0.0010025762545793349,-0.003758744013809878
23,0.841,0.4903146546008322,0.5362021027062334,1,0.0035510339834718407,-0.000688778451014338,-0.004239812434486179
24,0.878,0.4902708695041193,0.5363575982091037,1,0.0035072488867589624,-0.0005332829481440315,-0.004040531834902994
25,0.914,0.4900223089225964,0.536596670577398,1,0.0032586883052360682,-0.00029421057984968524,-0.0035528988850857535
26,0.951,0.4896198355106633,0.5367487058292559,1,0.002856214893302955,-0.00014217532799176702,-0.002998390221294722
27,0.987,0.4894490973739243,0.5368317394158502,1,0.0026854767565639426,-5.914174139753925e-05,-0.002744618497961482
28,1.024,0.4892042983264634,0.5369042510789501,1,0.0024406777091030563,1.3369921702421905e-05,-0.0024273077874006344
29,1.06,0.4885698491066113,0.5368179538975928,1,0.0018062284892509384,-7.29272596549091e-05,-0.0018791557489058475
30,1.097,0.4881389988705218,0.5368897986056697,1,0.0013753782531614744,-1.0825515780465977e-06,-0.001376460804739521
31,1.133,0.4871726057303231,0.5368728754252218,1,0.0004089851129627786,-1.800573202592748e-05,-0.0004269908449887061
32,1.17,0.4863546355043976,0.5368436971703914,1,-0.0004089851129627231,-4.718398685632508e-05,0.00036180112610639803
33,1.207,0.4859402653040279,0.5368919637088256,1,-0.0008233553133324412,1.0825515779355754e-06,0.0008244378649103767
34,1.243,0.4857419198371109,0.5369838241386296,1,-0.001021700780249435,9.294298138184942e-05,0.0011146437616312843
35,1.28,0.4852484093408047,0.5374923983605808,1,-0.001515211276555628,0.000601517203333124,0.002116728479888752
36,1.316,0.4850638650442275,0.5380284620827396,1,-0.001699755573132844,0.0011375809254918767,0.0028373364986247207
37,1.353,0.4848255274070572,0.5384834200804038,1,-0.0019380932103031379,0.0015925389231561393,0.003530632133459277
38,1.389,0.4846281678759821,0.5386415906316557,1,-0.0021354527413782187,0.0017507094744080298,0.0038861622157862485
39,1.426,0.4844838055790749,0.5392148436048593,1,-0.0022798150382854487,0.0023239624476115717,0.00460377748589702
40,1.462,0.4843670462232559,0.53947313320689,1,-0.002396574394104456,0.002582252049642353,0.004978826443746809
41,1.499,0.4844258688803814,0.5401965219054903,1,-0.0023377517369789214,0.0033056407482425776,0.005643392485221499
42,1.536,0.484453071066005,0.5406881379688678,1,-0.0023105495513553453,0.003797256811620131,0.006107806362975476
43,1.572,0.4841698376846378,0.5402536921828688,1,-0.0025937829327225548,0.003362811025621082,0.005956593958343637
44,1.609,0.4840414289440687,0.539956947267762,1,-0.0027221916732916296,0.0030660661105142983,0.005788257783805928
45,1.645,0.4833086693658232,0.5399395659301949,1,-0.003454951251537164,0.0030486847729471744,0.006503636024484338
46,1.682,0.4826158245251362,0.5399353181699376,1,-0.004147796092224154,0.00304443701268986,0.007192233104914014
47,1.718,0.4825309857484114,0.5400759037541352,1,-0.004232634868948926,0.0031850225968874657,0.007417657465836391
48,1.755,0.482267758774732,0.5400398396593233,1,-0.004495861842628346,0.0031489585020756383,0.007644820344703984
49,1.792,0.482265013823894,0.5399259400667819,1,-0.004498606793466364,0.0030350589095341496,0.007533665703000514
50,1.828,0.4821238497713196,0.5397735066413538,1,-0.004639770846040725,0.002882625484106116,0.007522396330146841
51,1.865,0.4802827686690168,0.5396891290945806,1,-0.0064808519483435245,0.002798247937332854,0.009279099885676378
52,1.901,0.4795930899270215,0.539806024964285,1,-0.00717053069033885,0.0029151438070372793,0.01008567449737613
53,1.938,0.4789389283713617,0.5398474932213283,1,-0.007824692245998632,0.0029566120640805993,0.010781304310079232
54,1.974,0.4772927791649483,0.5387576561440677,1,-0.00947084145241206,0.0018667749868199746,0.011337616439232034
55,2.011,0.4765184778830815,0.5386167383072927,1,-0.010245142734278845,0.0017258571500450293,0.011970999884323874
56,2.048,0.4519440185004247,0.4851972869468048,1,-0.03481960211693563,-0.051693594210442895,-0.016873992093507262
57,2.084,0.4432063558214172,0.4777750221164958,1,-0.04355726479594313,-0.059115859040751895,-0.015558594244808766
58,2.121,0.3857451109005196,0.415514200641706,1,-0.10101850971684073,-0.12137668051554168,-0.020358170798700947
59,2.157,0.3840694118078974,0.4107453920079055,1,-0.10269420880946295,-0.1261454891493422,-0.023451280339879255
60,2.194,0.3682393185787636,0.4077506072579276,1,-0.11852430203859676,-0.1291402738993201,-0.010615971860723328
61,2.23,0.3627511154857958,0.4092999189598221,1,-0.12401250513156453,-0.1275909621974256,-0.0035784570658610737
62,2.267,0.3604400588903156,0.4083268515229678,1,-0.12632356172704473,-0.12856402963427987,-0.002240467907235144
63,2.303,0.3595388933035619,0.4085349944930542,1,-0.1272247273137984,-0.1283558866641935,-0.0011311593503950945
64,2.34,0.3550018072703508,0.4073691930176134,1,-0.13176181334700954,-0.12952168813963433,0.00224012520737521
65,2.377,0.3524149774383422,0.4056617283576153,1,-0.13434864317901812,-0.13122915279963238,0.0031194903793857476
66,2.413,0.353663768125362,0.4064224226929469,1,-0.13309985249199835,-0.13046845846430077,0.0026313940276975756
67,2.45,0.3527037638952865,0.4065654292781834,1,-0.13405985672207382,-0.1303254518790643,0.00373440484300952
68,2.486,0.3532631853901,0.4065410681745012,1,-0.13350043522726035,-0.1303498129827465,0.0031506222445138454
69,2.523,0.3534706825845514,0.4060551750077025,1,-0.13329293803280895,-0.1308357061495452,0.002457231883263744
70,2.559,0.3539871797361341,0.4059348073450019,1,-0.13277644088122625,-0.13095607381224578,0.0018203670689804774
71,2.596,0.3550856964712988,0.4046593626243188,1,-0.13167792414606155,-0.13223151853292892,-0.0005535943868673621
72,2.632,0.3576690267066474,0.404566090708589,1,-0.12909459391071293,-0.1323247904486587,-0.003230196537945762
73,2.669,0.3593898371455862,0.4044610650208639,1,-0.12737378347177414,-0.13242981613638383,-0.005056032664609689
74,2.706,0.3604355330196092,0.4047041834457199,1,-0.12632808759775116,-0.1321866977115278,-0.005858610113776641
75,2.742,0.3605105875185503,0.4046722519659798,1,-0.12625303309881003,-0.13221862919126792,-0.005965596092457892
76,2.779,0.3608580430533703,0.4044669865581733,1,-0.12590557756399,-0.1324238945990744,-0.0065183170350843755
77,2.815,0.3608855108252041,0.4044132891120817,1,-0.12587810979215625,-0.13247759204516601,-0.00659948225300977
78,2.852,0.3598936324719397,0.404473424412744,1,-0.12686998814542066,-0.13241745674450373,-0.005547468599083061
79,2.888,0.3600009613257467,0.4041640181480895,1,-0.12676265929161362,-0.1327268630091582,-0.0059642037175445806
80,2.925,0.3590056061358403,0.4039654224619805,1,-0.12775801448152002,-0.13292545869526723,-0.005167444213747208
81,2.962,0.3587617709647873,0.4037520350035884,1,-0.12800184965257305,-0.13313884615365928,-0.005136996501086233
82,2.998,0.3575212601666197,0.4024290271123966,1,-0.1292423604507406,-0.13446185404485111,-0.0052194935941105025
83,3.035,0.3568857179000576,0.400988671054826,1,-0.12987790271730276,-0.1359022101024217,-0.006024307385118943
84,3.071,0.3561910159294089,0.3996411855527215,1,-0.13057260468795145,-0.1372496956045262,-0.006677090916574757
85,3.108,0.3557740268386086,0.3998485340065003,1,-0.13098959377875175,-0.13704234715074742,-0.006052753371995678
86,3.144,0.3552107907098895,0.3997419239699539,1,-0.13155282990747086,-0.1371489571872938,-0.005596127279822949
87,3.181,0.3550289944478119,0.399744910093921,1,-0.13173462616954845,-0.1371459710633267,-0.005411344893778258
88,3.218,0.3555579589521185,0.4000232736277536,1,-0.13120566166524184,-0.13686760752949412,-0.005661945864252282
89,3.254,0.3560911553306787,0.4008305656584296,1,-0.13067246528668164,-0.13606031549881809,-0.005387850212136447
90,3.291,0.3563546520164978,0.4021271438649803,1,-0.13040896860086254,-0.13476373729226743,-0.004354768691404887
91,3.327,0.356428236160462,0.4030359421273103,1,-0.13033538445689835,-0.1338549390299374,-0.003519554573039041
92,3.364,0.3565388383244564,0.4037300873250262,1,-0.13022478229290396,-0.1331607938322215,-0.002936011539317551
93,3.4,0.3568015564777119,0.4035473002145258,1,-0.12996206413964845,-0.13334358094272192,-0.00338151680307347
94,3.437,0.3569513192427236,0.4035184669411015,1,-0.12981230137463673,-0.1333724142161462,-0.0035601128415094774
95,3.473,0.3570043181101178,0.4032701420505911,1,-0.12975930250724255,-0.13362073910665662,-0.00386143659941407
96,3.51,0.3570111517749051,0.402625287223131,1,-0.12975246884245523,-0.1342655939341167,-0.004513125091661463
97,3.547,0.3569855059831957,0.401935199210032,1,-0.12977811463416467,-0.1349556819472157,-0.005177567313051024
98,3.583,0.3566152046776988,0.4016142783094478,1,-0.13014841593966153,-0.1352766028477999,-0.005128186908138377
99,3.62,0.3561108426546518,0.4010799380786605,1,-0.13065277796270852,-0.1358109430785872,-0.005158165115878688
100,3.656,0.3552909102101269,0.4008653453815732,1,-0.13147271040723346,-0.1360255357756745,-0.004552825368441038
101,3.693,0.3551309778465641,0.4005738986933529,1,-0.13163264277079623,-0.1363169824638948,-0.00468433969309856
102,3.729,0.3549705777111936,0.4002676745548971,1,-0.13179304290616672,-0.1366232066023506,-0.004830163696183887
103,3.766,0.3547954498974925,0.4000154366603781,1,-0.13196817071986783,-0.1368754444968696,-0.004907273777001786
104,3.802,0.3544977498595297,0.3997858945271244,1,-0.13226587075783064,-0.13710498663012333,-0.0048391158722926875
105,3.839,0.3544131686074114,0.3994338831166779,1,-0.13235045200994894,-0.13745699804056982,-0.005106546030620884
106,3.876,0.3538329846006739,0.3987868826179793,1,-0.13293063601668642,-0.1381039985392684,-0.005173362522581992
107,3.912,0.3535971508279353,0.3985585857492716,1,-0.13316646978942503,-0.1383322954079761,-0.0051658256185510565
108,3.949,0.3520144504101128,0.3963831414102716,1,-0.13474917020724753,-0.1405077397469761,-0.005758569539728586
109,3.985,0.3514442054300255,0.3963462938241883,1,-0.1353194151873348,-0.1405445873330594,-0.005225172145724599
110,4.022,0.3494233245990207,0.3919213981885566,1,-0.13734029601833964,-0.1449694829686911,-0.007629186950351474
111,4.058,0.345338582896463,0.3906294479080905,1,-0.14142503772089732,-0.1462614332491572,-0.004836395528259874
112,4.095,0.3449657950652097,0.3890544424807291,1,-0.14179782555215065,-0.14783643867651858,-0.006038613124367931
113,4.132,0.3442822031079438,0.3884820766055289,1,-0.14248141750941656,-0.1484088045517188,-0.0059273870423022235
114,4.168,0.3481924624825778,0.3927609522371898,1,-0.13857115813478255,-0.14412992892005788,-0.005558770785275335
115,4.205,0.3490130523621028,0.3961507337945597,1,-0.13775056825525755,-0.14074014736268803,-0.0029895791074304734
116,4.241,0.3495803660637032,0.3986182811342266,1,-0.13718325455365715,-0.1382726000230211,-0.001089345469363956
117,4.278,0.3499201757265374,0.4000986820523403,1,-0.13684344489082295,-0.13679219910490742,5.1245785915532416e-05
118,4.314,0.3499758037138724,0.4009995825473959,1,-0.13678781690348796,-0.13589129860985177,0.0008965182936361837
119,4.351,0.3509224535748809,0.4020004767870143,1,-0.13584116704247945,-0.13489040437023342,0.0009507626722460305
120,4.388,0.3509537707458317,0.4025930677393582,1,-0.13580984987152867,-0.1342978134178895,0.0015120364536391762
121,4.424,0.3510917742513717,0.4034075228622984,1,-0.1356718463659886,-0.13348335829494928,0.0021884880710393295
122,4.461,0.3515971644863133,0.4034535984124782,1,-0.13516645613104705,-0.13343728274476951,0.0017291733862775382
123,4.497,0.3519216702475534,0.4035946996498098,1,-0.13484195036980695,-0.13329618150743788,0.001545768862369068
124,4.534,0.352892699677043,0.403750424915017,1,-0.13387092094031733,-0.1331404562422307,0.0007304646980866303
125,4.57,0.3537126115841936,0.4039222570000927,1,-0.13305100903316674,-0.132968624157155,8.238487601175404e-05
126,4.607,0.3543359172429094,0.4040778093503936,1,-0.13242770337445092,-0.1328130718068541,-0.00038536843240316587
127,4.643,0.354802296941659,0.4042101163936087,1,-0.13196132367570135,-0.132680764763639,-0.0007194410879376445
128,4.68,0.3553273235753512,0.4042682540987455,1,-0.13143629704200915,-0.1326226270585022,-0.0011863300164930424
129,4.717,0.3558016516995806,0.4044695861428152,1,-0.13096196891777973,-0.1324212950144325,-0.00145932609665278
130,4.753,0.3632104372544628,0.4207980233917965,1,-0.12355318336289756,-0.1160928577654512,0.00746032559744636
131,4.79,0.3681528690446537,0.4262400211492928,1,-0.11861075157270662,-0.11065086000795488,0.007959891564751742
132,4.826,0.4383153295377424,0.5045543351918003,1,-0.048448291079617956,-0.03233654596544744,0.016111745114170517
133,4.863,0.4665494962528451,0.5208322654932018,1,-0.02021412436451525,-0.016058615664045872,0.004155508700469379
134,4.899,0.4909215542178144,0.5483816123035088,1,0.004157933600454078,0.01149073114626109,0.007332797545807013
135,4.936,0.4937811696478462,0.556627497450251,1,0.007017549030485848,0.019736616293003273,0.012719067262517425
136,4.972,0.497821794678016,0.5605092995017307,1,0.011058174060655679,0.023618418344482972,0.012560244283827293
137,5.009,0.5001220264531375,0.560733377911719,1,0.013358405835777187,0.023842496754471254,0.010484090918694067
138,5.046,0.4991841526764985,0.5522649439768724,1,0.012420532059138178,0.015374062819624723,0.0029535307604865446
139,5.082,0.4977171367874005,0.5531769917612971,1,0.010953516170040145,0.016286110604049386,0.005332594434009241
140,5.119,0.4951203178807635,0.5539466382564492,1,0.008356697263403157,0.017055757099201485,0.008699059835798328
141,5.155,0.4951362748048228,0.5537771827598162,1,0.00837265418746247,0.016886301602568543,0.008513647415106074
142,5.192,0.4968763689565019,0.5551034536045236,1,0.010112748339141553,0.01821257244727592,0.008099824108134368
143,5.228,0.4977703905219781,0.5543261397328346,1,0.011006769904617741,0.01743525857558692,0.006428488670969179
144,5.265,0.5021511425344058,0.5543981454208806,1,0.01538752191704551,0.017507264263632916,0.0021197423465874055
145,5.302,0.5050175434611498,0.5549744969892063,1,0.01825392284378946,0.01808361583195861,-0.00017030701183085029
146,5.338,0.5035268220523567,0.5558260187906119,1,0.016763201434996322,0.018935137633364185,0.002171936198367863
147,5.375,0.5031937169471385,0.5556640479237911,1,0.01643009632977821,0.018773166766543392,0.0023430704367651822
148,5.411,0.5050104225595227,0.556279343482787,1,0.018246801942162327,0.019388462325539257,0.00114166038337693
149,5.448,0.506931301228691,0.5554829626654025,1,0.020167680611330674,0.018592081508154834,-0.0015755991031758398
150,5.484,0.5021397973134125,0.5538188037480682,1,0.01537617669605218,0.016927922590820543,0.0015517458947683638
151,5.521,0.5010634469553085,0.5529624167313112,1,0.01429982633794813,0.01607153557406349,0.0017717092361153597
152,5.558,0.5026493100189856,0.5534216245927757,1,0.01588568940162527,0.01653074343552796,0.0006450540339026922
153,5.594,0.5056366895796645,0.5548695592288105,1,0.018873068962304118,0.017978678071562837,-0.0008943908907412812
154,5.631,0.5042000147759077,0.5517661488788009,1,0.017436394158547364,0.014875267721553231,-0.0025611264369941322
155,5.667,0.5046660238303272,0.5510726757612807,1,0.017902403212966878,0.014181794604033016,-0.003720608608933862
156,5.704,0.5029849633185026,0.5496747508807129,1,0.016221342701142283,0.012783869723465235,-0.0034374729776770474
157,5.74,0.5072526946849139,0.5518123332714981,1,0.020489074067553514,0.014921452114250444,-0.00556762195330307
158,5.777,0.5033992671092532,0.5443244492410035,1,0.016635646491892864,0.007433568083755837,-0.009202078408137027
159,5.813,0.5022962808670792,0.5416663391488906,1,0.015532660249718888,0.004775457991642917,-0.01075720225807597
160,5.85,0.5018420670421628,0.5409778132656295,1,0.015078446424802494,0.004086932108381847,-0.010991514316420647
161,5.887,0.5014207167858293,0.5405480532799866,1,0.014657096168468997,0.003657172122738861,-0.010999924045730136
162,5.923,0.4997391175537355,0.5398147298086332,1,0.012975496936375175,0.0029238486513855078,-0.010051648284989667
163,5.96,0.4987933948000619,0.5393134813587188,1,0.01202977418270157,0.0024226002014711145,-0.009607173981230455
164,5.996,0.4976966235947293,0.5380679626693943,1,0.010933002977368989,0.0011770815121465716,-0.009755921465222417
165,6.033,0.4969496325098809,0.5371221389452954,1,0.010186011892520552,0.0002312577880476674,-0.009954754104472885
166,6.069,0.4964117317879452,0.5377299870399599,1,0.009648111170584839,0.0008391058827121878,-0.008809005287872651
167,6.106,0.4959620468494655,0.5381376317707087,1,0.00919842623210515,0.001246750613461023,-0.007951675618644127
168,6.142,0.4979963911579222,0.5439008129136953,1,0.011232770540561876,0.007009931756447596,-0.00422283878411428
169,6.179,0.4983371244713935,0.5468436348399713,1,0.011573503854033163,0.009952753682723636,-0.0016207501713095263
170,6.216,0.498211705050774,0.5466868244754238,1,0.011448084433413663,0.009795943318176126,-0.0016521411152375376
171,6.252,0.4990304866621524,0.548031044471358,1,0.012266866044792046,0.011140163314110274,-0.0011267027306817723
172,6.289,0.4989778382405322,0.5487717632758923,1,0.012214217623171875,0.011880882118644576,-0.000333335504527299
173,6.325,0.4993822667172173,0.5494070862116187,1,0.012618646099856967,0.01251620505437101,-0.000102441045485957
174,6.362,0.4991699627698216,0.5497558783460837,1,0.01240634215246128,0.012864997188836047,0.00045865503637476657
175,6.398,0.4991792072972332,0.5499996837697528,1,0.012415586679872859,0.013108802612505133,0.000693215932632274
176,6.435,0.4995771772581032,0.5504888014202067,1,0.012813556640742851,0.013597920262959029,0.0007843636222161776
177,6.472,0.500005231376648,0.5511540258603878,1,0.013241610759287648,0.014263144703140052,0.001021533943852404
178,6.508,0.5002440350719655,0.551121184159627,1,0.013480414454605127,0.014230303002379263,0.0007498885477741357
179,6.545,0.5001102660184419,0.5505527713804745,1,0.013346645401081547,0.013661890223226836,0.0003152448221452886
180,6.581,0.4996950707239544,0.5500164269089414,1,0.012931450106594078,0.013125545751693668,0.0001940956450995901
181,6.618,0.4990303387212795,0.5494955936405688,1,0.01226671810391916,0.012604712483321068,0.0003379943794019069
182,6.654,0.4983192384073283,0.5490596478608498,1,0.011555617789967942,0.012168766703602119,0.0006131489136341761
183,6.691,0.4973092996551005,0.5484070875299857,1,0.010545679037740174,0.01151620637273798,0.0009705273349978061
184,6.728,0.4969821175749807,0.5481290411297384,1,0.010218496957620338,0.011238159972490669,0.0010196630148703312
185,6.764,0.4967559012618363,0.5478969406473275,1,0.009992280644475937,0.011006059490079823,0.0010137788456038854
186,6.801,0.4964029950001967,0.5477491493144531,1,0.009639374382836352,0.010858268157205364,0.001218893774369012
187,6.837,0.5082424700897524,0.5724315931152824,1,0.021478849472392092,0.035540711958034654,0.014061862485642562
188,6.874,0.5140822357964828,0.5829832016104423,1,0.027318615179122485,0.04609232045319456,0.018773705274072072
189,6.91,0.5795968375139219,0.6587479658971119,1,0.09283321689656154,0.12185708473986423,0.029023867843302686
190,6.947,0.6013157168671664,0.6794035261369583,1,0.11455209624980611,0.1425126449797106,0.0279605487299045
191,6.983,0.6416092888175986,0.7265459117563455,1,0.15484566820023826,0.18965503059909783,0.03480936239885957
192,7.02,0.6522637008904275,0.7362441315025273,1,0.16550008027306717,0.19935325034527962,0.033853170072212446
193,7.057,0.6575774864315296,0.737921552448499,1,0.17081386581416924,0.2010306712912513,0.030216805477082054
194,7.093,0.6589588203494937,0.7389318110888129,1,0.17219519973213337,0.2020409299315652,0.02984573019943182
195,7.13,0.6626438826409226,0.73719333273647,1,0.17588026202356222,0.20030245157922233,0.024422189555660112
196,7.166,0.6647848511673754,0.7388298747109235,1,0.17802123055001506,0.20193899355367584,0.023917763003660775
197,7.203,0.6893067440117749,0.745245137918162,1,0.2025431233944146,0.20835425676091435,0.005811133366499743
198,7.239,0.6966386517215806,0.747926755106458,1,0.20987503110422023,0.2110358739492103,0.0011608428449900732
199,7.276,0.6990128739885458,0.7525945547692298,1,0.2122492533711855,0.21570367361198206,0.003454420240796563
200,7.312,0.698113137502213,0.7523171232245253,1,0.2113495168848527,0.21542624206727756,0.004076725182424856
201,7.349,0.7002249592936062,0.7534223835702202,1,0.21346133867624584,0.21653150241297248,0.0030701637367266388
202,7.386,0.6991321842484844,0.7527333421193007,1,0.2123685636311241,0.21584246096205295,0.0034738973309288435
203,7.422,0.6979027921498899,0.7517618563288022,1,0.2111391715325296,0.2148709751715545,0.003731803639024922
204,7.459,0.6970081366583423,0.7510856870825381,1,0.21024451604098193,0.2141948059252904,0.0039502898843084555
205,7.495,0.6958776839520632,0.7507442788709736,1,0.20911406333470284,0.2138533977137259,0.004739334379023075
206,7.532,0.6946584710403451,0.7499896268966867,1,0.20789485042298472,0.213098745739439,0.005203895316454266
207,7.568,0.693447571402505,0.7498658841514393,1,0.20668395078514468,0.2129750029941916,0.00629105220904691
208,7.605,0.6927911612104352,0.7499396526635205,1,0.20602754059307482,0.21304877150627277,0.007021230913197951
209,7.642,0.6931022503805144,0.7503769494101669,1,0.2063386297631541,0.21348606825291916,0.007147438489765068
210,7.678,0.6927830156851034,0.7500938076491397,1,0.20601939506774303,0.213202926491892,0.007183531424148959
211,7.715,0.6926443993427341,0.7497775415236752,1,0.2058807787253738,0.21288666036642745,0.007005881641053646
212,7.751,0.6925620950635981,0.7497182803637502,1,0.20579847444623778,0.2128273992065025,0.007028924760264732
213,7.788,0.6925049612964688,0.7498049337915844,1,0.20574134067910843,0.21291405263433671,0.007172711955228284
214,7.824,0.692438845588642,0.749680593022069,1,0.20567522497128166,0.21278971186482132,0.007114486893539662
215,7.861,0.6922413386200715,0.7489490978298577,1,0.2054777180027112,0.21205821667261004,0.006580498669898849
216,7.898,0.6918502384478128,0.7480201989668707,1,0.20508661783045246,0.21112931780962296,0.006042699979170507
217,7.934,0.6900244794704853,0.7472464008978276,1,0.20326085885312495,0.21035551974057987,0.007094660887454918
218,7.971,0.6887158906258911,0.7466138890253445,1,0.20195227000853078,0.20972300786809683,0.007770737859566057
219,8.007,0.6872648827711824,0.7457511302383403,1,0.20050126215382202,0.20886024908109257,0.00835898692727055
220,8.044,0.6857295399203827,0.7445761559952678,1,0.19896591930302232,0.20768527483802013,0.008719355534997808
221,8.08,0.6837742860725953,0.7433186246068205,1,0.19701066545523493,0.20642774344957282,0.009417077994337886
222,8.117,0.682243667766725,0.7423358703088373,1,0.19548004714936462,0.2054449891515896,0.009964942002224975
223,8.153,0.681252905049518,0.7426917056457774,1,0.19448928443215763,0.20580082448852965,0.011311540056372027
224,8.19,0.6805428948723664,0.7433841814004869,1,0.19377927425500607,0.2064933002432392,0.012714025988233124
225,8.227,0.68022587168827,0.7443657231743349,1,0.19346225107090964,0.2074748420170872,0.014012590946177572
226,8.263,0.680131103815221,0.7449260624382902,1,0.19336748319786068,0.20803518128104248,0.014667698083181802
227,8.3,0.6802886766740307,0.7449754211763139,1,0.19352505605667036,0.20808454001906618,0.014559483962395814
228,8.336,0.6799242920687891,0.744896131497512,1,0.1931606714514288,0.2080052503402643,0.014844578888835502
229,8.373,0.6792606768127812,0.7447600668854986,1,0.1924970561954209,0.20786918572825086,0.015372129532829959
230,8.409,0.6785517146051607,0.7446738956032107,1,0.1917880939878004,0.20778301444596303,0.015994920458162643
231,8.446,0.6791922902456898,0.7451386528198336,1,0.1924286696283295,0.2082477716625859,0.015819102034256405
232,8.482,0.6796629781445667,0.7463401109238267,1,0.19289935752720633,0.20944922976657898,0.016549872239372654
233,8.519,0.679835319105771,0.7469861324041103,1,0.19307169848841066,0.21009525124686257,0.01702355275845191
234,8.556,0.6800427265430284,0.7475223270557272,1,0.1932791059256681,0.21063144589847949,0.01735233997281138
235,8.592,0.6798550399537522,0.747599099479976,1,0.19309141933639185,0.21070821832272835,0.0176167989863365
236,8.629,0.6796369697847333,0.7475764490693819,1,0.19287334916737298,0.21068556791213422,0.017812218744761243
237,8.665,0.679643224947562,0.7480264244127823,1,0.19287960433020168,0.21113554325553463,0.01825593892533295
238,8.702,0.6790311621145837,0.7479802933904115,1,0.19226754149722336,0.2110894122331638,0.018821870735940438
239,8.738,0.6787013865225184,0.748037251698678,1,0.1919377659051581,0.21114637054143026,0.019208604636272164
240,8.775,0.6783751189396946,0.7478482943793301,1,0.19161149832233426,0.2109574132220824,0.01934591489974813
241,8.812,0.6778233036927811,0.7478836441471938,1,0.19105968307542076,0.21099276298994607,0.01993307991452531
242,8.848,0.6771713495039933,0.7480819259703738,1,0.19040772888663293,0.21119104481312612,0.020783315926493184
243,8.885,0.6766116714545977,0.7482582359321777,1,0.18984805083723733,0.21136735477492996,0.021519303937692635
244,8.921,0.6760949852211685,0.7483207832655207,1,0.18933136460380817,0.21142990210827295,0.022098537504464777
245,8.958,0.6756939762793753,0.7483184425117867,1,0.188930355662015,0.211427561354539,0.022497205692524003
246,8.994,0.6732382611362329,0.7466540718910659,1,0.18647464051887253,0.20976319073381822,0.02328855021494569
247,9.031,0.6713052701089498,0.7458538104939237,1,0.18454164949158947,0.20896292933667604,0.024421279845086574
248,9.068,0.5923483185730221,0.669015125909119,1,0.10558469795566172,0.13212424475187134,0.026539546796209623
249,9.104,0.5728177616909924,0.6532030780810021,1,0.08605414107363207,0.11631219692375439,0.030258055850122312
250,9.141,0.5165224668794415,0.5711141999548168,1,0.02975884626208114,0.034223318797569124,0.004464472535487984
251,9.177,0.4984610110170923,0.5531991419269028,1,0.011697390399731944,0.01630826076965508,0.004610870369923137
252,9.214,0.4918349973671061,0.54675827524859,1,0.005071376749745782,0.009867394091342296,0.004796017341596515
253,9.25,0.4897437904230853,0.5461335816768746,1,0.0029801698057249637,0.009242700519626945,0.0062625307139019815
254,9.287,0.4882932020418249,0.5410651969248321,1,0.0015295814244645767,0.0041743157675844245,0.002644734343119848
255,9.323,0.4889865557705261,0.5404114000270757,1,0.0022229351531657393,0.00352051886982796,0.0012975837166622206
256,9.36,0.4872135672015218,0.5406729430665544,1,0.0004499465841614758,0.0037820619093067442,0.0033321153251452684
257,9.397,0.4882652199974647,0.5411281489641544,1,0.001501599380104357,0.004237267806906697,0.00273566842680234
258,9.433,0.4878885108757417,0.5368300710548933,1,0.0011248902583813614,-6.0810102354369455e-05,-0.0011857003607357308
259,9.47,0.4898831527280494,0.5376178146819673,1,0.0031195321106890495,0.0007269335247196418,-0.0023925985859694077
260,9.506,0.4853753948981077,0.5321999384391718,1,-0.0013882257192526226,-0.004690942718075908,-0.003302716998823285
261,9.543,0.4846262088427538,0.5324742255195153,1,-0.0021374117746065235,-0.004416655637732414,-0.0022792438631258904
262,9.579,0.4839253923385118,0.5326272224530956,1,-0.0028382282788485536,-0.004263658704152129,-0.0014254304253035754
263,9.616,0.4838951459667423,0.5336148464546927,1,-0.0028684746506180137,-0.0032760347025549974,-0.00040756005193698375
264,9.652,0.4830770486091079,0.5337624030649751,1,-0.0036865720082524533,-0.0031284780922725686,0.0005580939159798848
265,9.689,0.4835932016908849,0.5350217830303461,1,-0.00317041892647546,-0.0018690981269016138,0.0013013207995738463
266,9.726,0.4856338357977653,0.5365607613402903,1,-0.0011297848195950255,-0.0003301198169574082,0.0007996650026376173
267,9.762,0.4869096933201929,0.5374744488801694,1,0.00014607270283256701,0.000583567722921674,0.000437495020089107
268,9.799,0.490229785238075,0.537601667607015,1,0.00346616462071464,0.0007107864497672978,-0.0027553781709473424
269,9.835,0.4927176732310715,0.536807526228876,1,0.0059540526137111804,-8.33549283717483e-05,-0.006037407542082929
270,9.872,0.4875217940033241,0.532785927326417,1,0.0007581733859637896,-0.004104953830830649,-0.004863127216794438
271,9.908,0.4853206154382603,0.5291432867406495,1,-0.0014430051791000098,-0.007747594416598225,-0.006304589237498215
272,9.945,0.4823509915892872,0.5283823693409229,1,-0.004412629028073156,-0.008508511816324837,-0.004095882788251681
273,9.982,0.4815549914353342,0.5281581671996598,1,-0.0052086291820261366,-0.008732713957587901,-0.0035240847755617644
274,10.018,0.4811086709642084,0.5280449184518095,1,-0.005654949653151942,-0.008845962705438248,-0.0031910130522863067
275,10.055,0.4805199529099628,0.5280874358355585,1,-0.006243667707397538,-0.008803445321689196,-0.0025597776142916584
276,10.091,0.4731096123445809,0.5245187404943429,1,-0.013654008272779461,-0.012372140662904818,0.0012818676098746429
277,10.128,0.4700905431636824,0.5235864973284533,1,-0.016673077453677965,-0.013304383828794397,0.0033686936248835675
278,10.164,0.469195333560842,0.5232622666184167,1,-0.01756828705651836,-0.013628614538831019,0.003939672517687343
279,10.201,0.4685799457728422,0.5227930630167351,1,-0.01818367484451816,-0.014097818140512586,0.004085856704005575
280,10.238,0.4677538869414528,0.5227559169237255,1,-0.019009733675907525,-0.01413496423352223,0.004874769442385296
281,10.274,0.4667600842459232,0.522724275697763,1,-0.020003536371437147,-0.014166605459484671,0.005836930911952476
282,10.311,0.4663455468922994,0.522807861140188,1,-0.020418073725060937,-0.014083020017059744,0.006335053708001193
283,10.347,0.4663324014572066,0.5228824830727955,1,-0.020431219160153724,-0.0140083980844522,0.006422821075701524
284,10.384,0.4663459453302379,0.5229312610701122,1,-0.02041767528712246,-0.013959620087135471,0.0064580551999869895
285,10.42,0.4663982319564206,0.5229118267689329,1,-0.02036538866093973,-0.013979054388314816,0.006386334272624916
286,10.457,0.4663439738062023,0.5233138327582467,1,-0.020419646811158043,-0.01357704839900098,0.006842598412157064
287,10.493,0.4664293118058015,0.5234504879978469,1,-0.020334308811558843,-0.01344039315940082,0.0068939156521580225
288,10.53,0.4659758792000286,0.523566874788988,1,-0.02078774141733175,-0.0133240063682597,0.007463735049072051
289,10.567,0.4655467966801296,0.5236468277636583,1,-0.021216823937230733,-0.013244053393589361,0.007972770543641372
290,10.603,0.4650396639633739,0.5237329237872463,1,-0.021723956653986465,-0.01315795737000136,0.008565999283985104
291,10.64,0.4648695186140572,0.5239005732072952,1,-0.021894102003303162,-0.012990307949952484,0.008903794053350678
292,10.676,0.4639754828457686,0.522567195886265,1,-0.02278813777159172,-0.014323685270982711,0.00846445250060901
293,10.713,0.4639023180266945,0.5218785232737956,1,-0.022861302590665822,-0.015012357883452121,0.0078489447072137
294,10.749,0.4638508880266345,0.5211365110838158,1,-0.02291273259072585,-0.015754370073431945,0.007158362517293904
295,10.786,0.4638759849741072,0.5209066791650775,1,-0.022887635643253135,-0.01598420199217021,0.006903433651082924
296,10.822,0.4645670524053404,0.5223364932163311,1,-0.02219656821201993,-0.014554387940916569,0.00764218027110336
297,10.859,0.4657885796916083,0.5238894466518833,1,-0.02097504092575203,-0.013001434505364395,0.007973606420387636
298,10.896,0.4657282096405801,0.5274171450838615,1,-0.021035410976780244,-0.009473736073386196,0.011561674903394048
299,10.932,0.4680893356809357,0.5292111931131048,1,-0.018674284936424645,-0.007679688044142874,0.010994596892281772
300,10.969,0.470262825418366,0.5306593963937892,1,-0.016500795198994334,-0.0062314847634584725,0.010269310435535861
301,11.005,0.47213854170024,0.5318419903071768,1,-0.014625078917120338,-0.005048890850070875,0.009576188067049463
302,11.042,0.4736930916860409,0.5333928608855286,1,-0.013070528931319436,-0.0034980202717190823,0.009572508659600354
303,11.078,0.4748277273777587,0.5344785146050534,1,-0.011935893239601647,-0.002412366552194345,0.009523526687407302
304,11.115,0.4761954763351659,0.5363219480040783,1,-0.010568144282194436,-0.0005689331531694153,0.00999921112902502
305,11.152,0.4774406098957174,0.5379070390372706,1,-0.009323010721642933,0.00101615788002285,0.010339168601665782
306,11.188,0.4781296828966271,0.5390169112003517,1,-0.008633937720733231,0.002126030043103966,0.010759967763837197
307,11.225,0.4786151678684081,0.5397763745668587,1,-0.008148452748952262,0.002885493409610973,0.011033946158563235
308,11.261,0.4791853978540222,0.540715165543195,1,-0.007578222763338138,0.0038242843859472853,0.011402507149285424
309,11.298,0.4798362518396535,0.5415341379699945,1,-0.006927368777706833,0.004643256812746799,0.011570625590453631
310,11.334,0.4802375668386853,0.541851911227321,1,-0.006526053778675045,0.004961030070073313,0.011487083848748358
311,11.371,0.4801037775844573,0.5421239183445332,1,-0.006659843032903012,0.005233037187285516,0.011892880220188529
312,11.408,0.4803167392197972,0.5426218060577943,1,-0.0064468813975631645,0.005730924900546608,0.012177806298109772
313,11.444,0.4802398204134459,0.5424984125843613,1,-0.006523800203914465,0.005607531427113566,0.01213133163102803
314,11.481,0.4804471361170306,0.5427724923483803,1,-0.006316484500329733,0.0058816111911326185,0.012198095691462352
315,11.517,0.4804533886274244,0.5428622851217243,1,-0.0063102319899359105,0.005971403964476596,0.012281635954412506
316,11.554,0.4804838316646869,0.5428456444953081,1,-0.0062797889526734485,0.0059547633380604426,0.012234552290733891
317,11.59,0.4817626766588669,0.5421443265326584,1,-0.005000943958493431,0.005253445375410726,0.010254389333904157
318,11.627,0.4827885542339766,0.5415684237768805,1,-0.003975066383383741,0.004677542619632824,0.008652609003016565
319,11.663,0.4886466808816566,0.5382285678774298,1,0.0018830602642962435,0.0013376867201820852,-0.0005453735441141583
